avg_util_per_alg,avg_util_true,dataset,demand_capacity_ratio,evac_time_per_alg,evac_time_true,gamma_setting,model,number_updates,random_seed,update_interval,variance_factor
0.27424243555101313,0.2763300599728912,small,2.0,219.2815150969357,303.458806907788,3.0,R-ICEP,5.0,126.0,,0.4
0.23141805129422224,0.23971596499261932,small,2.0,194.7329773818976,258.9111613296699,0.0,R-ICEP,5.0,126.0,,0.4
0.23973474709643403,0.23438520245317346,small,2.0,210.0180204026481,270.0865033662814,1.0,R-ICEP,5.0,126.0,,0.4
0.24068072158116163,0.23117652153172347,small,2.0,210.0180204026481,291.85152815068307,2.0,R-ICEP,5.0,126.0,,0.4
0.42336857947972567,0.42635614544501027,small,4.0,298.69570896260205,328.98364451756834,3.0,R-ICEP,3.0,126.0,,0.2
0.3933523510621405,0.3942369248505521,small,4.0,295.0640841091084,345.8282520493302,0.0,R-ICEP,3.0,126.0,,0.2
0.4035671091723804,0.40389177062724047,small,4.0,292.8830135112936,342.0332021338286,1.0,R-ICEP,3.0,126.0,,0.2
0.4125398279406263,0.41094983255841866,small,4.0,297.3905354544625,330.6211614554838,2.0,R-ICEP,3.0,126.0,,0.2
0.22253631133318677,0.22773692836989423,small,2.0,217.15342376430456,259.8760997827934,3.0,R-ICEP,3.0,126.0,,0.6
0.24801506952791538,0.26350058941191146,small,2.0,177.30051006078375,274.9595854138328,0.0,R-ICEP,3.0,126.0,,0.6
0.22309478235823538,0.22398479496395254,small,2.0,217.15342376430456,274.9861138647789,1.0,R-ICEP,3.0,126.0,,0.6
0.22253631133318677,0.22773692836989423,small,2.0,217.15342376430456,259.8760997827934,2.0,R-ICEP,3.0,126.0,,0.6
0.3375419429130666,0.3375419429130666,small,3.0,409.51911252302807,409.51911252302807,3.0,R-ICEP,3.0,125.0,,0.2
0.3314164353863331,0.3125808084001712,small,3.0,303.458806907788,353.3188278973615,0.0,R-ICEP,3.0,125.0,,0.2
0.31689544525416785,0.31570500101588767,small,3.0,390.8036139610288,449.6866420327196,1.0,R-ICEP,3.0,125.0,,0.2
0.3117868380337049,0.3047367253551717,small,3.0,410.3049619769444,465.0076617371088,2.0,R-ICEP,3.0,125.0,,0.2
0.5252797580397246,0.5252797580397246,small,2.0,235.05379036686705,235.05379036686705,3.0,R-ICEP,3.0,127.0,,0.6
0.48305835310030865,0.47459276972987646,small,2.0,195.186434758995,245.5069420268804,0.0,R-ICEP,3.0,127.0,,0.6
0.5411583141925436,0.540562253415453,small,2.0,227.5638003045225,270.02248333661686,1.0,R-ICEP,3.0,127.0,,0.6
0.5297770586116191,0.5297770586116191,small,2.0,240.8771826371297,240.8771826371297,2.0,R-ICEP,3.0,127.0,,0.6
0.2797136637727907,0.2797136637727907,small,4.0,393.8770826012971,393.8770826012971,3.0,R-ICEP,3.0,127.0,,0.2
0.2622314251777256,0.26270798100214166,small,4.0,346.66304338120943,434.28862918624816,0.0,R-ICEP,3.0,127.0,,0.2
0.26404338591072907,0.2634537956860491,small,4.0,378.96861029943335,433.1736864642275,1.0,R-ICEP,3.0,127.0,,0.2
0.27374482147906326,0.27374482147906326,small,4.0,391.71899135655485,391.71899135655485,2.0,R-ICEP,3.0,127.0,,0.2
0.5121923567009238,0.5121923567009238,small,2.0,236.66776657906823,236.66776657906823,3.0,R-ICEP,5.0,127.0,,0.4
0.46930832172988807,0.46930832172988807,small,2.0,195.4854632549307,195.4854632549307,0.0,R-ICEP,5.0,127.0,,0.4
0.4903598644499896,0.4903598644499896,small,2.0,214.3170825058451,214.3170825058451,1.0,R-ICEP,5.0,127.0,,0.4
0.5107887905163347,0.5107887905163347,small,2.0,236.66776657906823,236.66776657906823,2.0,R-ICEP,5.0,127.0,,0.4
0.4133475886932464,0.4133475886932464,small,3.0,274.7120417532983,274.7120417532983,3.0,R-ICEP,3.0,123.0,,0.2
0.3907671679537398,0.38770821611493606,small,3.0,244.04972824752892,347.8809838170024,0.0,R-ICEP,3.0,123.0,,0.2
0.40518533913104837,0.41067762237195754,small,3.0,246.49759728569168,305.6435807126569,1.0,R-ICEP,3.0,123.0,,0.2
0.4312130700465119,0.4280744956575099,small,3.0,259.95283283452204,326.3567478479645,2.0,R-ICEP,3.0,123.0,,0.2
0.5769837562413533,0.5769837562413533,small,3.0,299.3284977166277,299.3284977166277,3.0,R-ICEP,3.0,124.0,,0.2
0.5209869269673159,0.5019670853789271,small,3.0,253.6377498384929,410.92230316505214,0.0,R-ICEP,3.0,124.0,,0.2
0.5787005045630379,0.5773788839219461,small,3.0,299.3284977166277,333.72317365460657,1.0,R-ICEP,3.0,124.0,,0.2
0.5903680586379163,0.5849870513462826,small,3.0,298.5749893357653,346.66304338120943,2.0,R-ICEP,3.0,124.0,,0.2
0.2839186437547287,0.2839186437547287,small,4.0,524.5268213834398,524.5268213834398,3.0,R-ICEP,5.0,125.0,,0.6
0.32382023135794885,0.3427818607559921,small,4.0,361.28358524022326,419.1083635726585,0.0,R-ICEP,5.0,125.0,,0.6
0.27991920392133146,0.2899297131853554,small,4.0,497.9305477819832,561.5724663777181,1.0,R-ICEP,5.0,125.0,,0.6
0.280547422247888,0.2911876110584096,small,4.0,530.3266498463619,588.1514281787972,2.0,R-ICEP,5.0,125.0,,0.6
0.27328998538320276,0.27328998538320276,small,2.0,291.84134200644144,291.84134200644144,3.0,R-ICEP,10.0,126.0,,0.4
0.24291070476226456,0.24291070476226456,small,2.0,216.23373949614063,216.23373949614063,0.0,R-ICEP,10.0,126.0,,0.4
0.22829521558387275,0.22829521558387275,small,2.0,259.0374575761707,259.0374575761707,1.0,R-ICEP,10.0,126.0,,0.4
0.2547424788280064,0.2547424788280064,small,2.0,276.17744385938823,276.17744385938823,2.0,R-ICEP,10.0,126.0,,0.4
0.3269652186744377,0.3269652186744377,small,2.0,220.27839676528865,220.27839676528865,3.0,R-ICEP,5.0,125.0,,0.2
0.3497552839744801,0.3766265363999167,small,2.0,192.50724631622737,280.67618611407147,0.0,R-ICEP,5.0,125.0,,0.2
0.35735408283235326,0.3576072186921986,small,2.0,210.0180204026481,284.53958505501777,1.0,R-ICEP,5.0,125.0,,0.2
0.31239784730554737,0.3330819128667811,small,2.0,220.27839676528865,262.7652268095283,2.0,R-ICEP,5.0,125.0,,0.2
0.3553352513772564,0.3553352513772564,small,4.0,470.27773611993086,470.27773611993086,3.0,R-ICEP,3.0,125.0,,0.4
0.3107409732991421,0.3107409732991421,small,4.0,372.6186607668818,372.6186607668818,0.0,R-ICEP,3.0,125.0,,0.4
0.293230454551879,0.293230454551879,small,4.0,437.4097392346896,437.4097392346896,1.0,R-ICEP,3.0,125.0,,0.4
0.3064774059745387,0.3064774059745387,small,4.0,453.6399757208578,453.6399757208578,2.0,R-ICEP,3.0,125.0,,0.4
0.29457813462574894,0.29457813462574894,small,4.0,609.5398007963255,609.5398007963255,3.0,R-ICEP,10.0,123.0,,0.6
0.29248248347046896,0.30383742191546714,small,4.0,409.51911252302807,478.3782267649492,0.0,R-ICEP,10.0,123.0,,0.6
0.26092364770704307,0.2757218508704449,small,4.0,581.3929112981862,648.6123910624497,1.0,R-ICEP,10.0,123.0,,0.6
0.30717200094003355,0.30717200094003355,small,4.0,597.1908298054854,597.1908298054854,2.0,R-ICEP,10.0,123.0,,0.6
0.4713587659952501,0.4713587659952501,small,4.0,675.4919023507114,675.4919023507114,3.0,R-ICEP,10.0,124.0,,0.6
0.45709124748933316,0.46224590646054875,small,4.0,317.4764290826633,381.35193237036776,0.0,R-ICEP,10.0,124.0,,0.6
0.5554413996536172,0.5444954457676194,small,4.0,521.9142149912868,581.4634417412724,1.0,R-ICEP,10.0,124.0,,0.6
0.4852865969130436,0.483192959595321,small,4.0,674.0042641414252,714.2832625719861,2.0,R-ICEP,10.0,124.0,,0.6
0.3920435806927597,0.3920435806927597,small,3.0,444.7663445021977,444.7663445021977,3.0,R-ICEP,5.0,126.0,,0.6
0.40925709772749774,0.4098044993157739,small,3.0,285.75583923599913,404.5406971173376,0.0,R-ICEP,5.0,126.0,,0.6
0.3192312506501857,0.3192312506501857,small,3.0,389.7641900512714,389.7641900512714,1.0,R-ICEP,5.0,126.0,,0.6
0.40695510258613776,0.40695510258613776,small,3.0,432.4230652792952,432.4230652792952,2.0,R-ICEP,5.0,126.0,,0.6
0.2905967811616883,0.2905967811616883,small,3.0,470.27773611993086,470.27773611993086,3.0,R-ICEP,10.0,125.0,,0.4
0.3054388305724358,0.3238976113988478,small,3.0,276.7540369542827,332.8029804291751,0.0,R-ICEP,10.0,125.0,,0.4
0.25988115270384593,0.268819393880478,small,3.0,448.5850812713012,494.275829149436,1.0,R-ICEP,10.0,125.0,,0.4
0.2901667591491417,0.2901667591491417,small,3.0,458.1229063699973,458.1229063699973,2.0,R-ICEP,10.0,125.0,,0.4
0.40925709772749774,0.40641416919294643,small,3.0,285.75583923599913,331.4537055302802,3.0,R-ICEP,3.0,126.0,,0.4
0.38412448494660967,0.396143340720122,small,3.0,246.49759728569168,333.72317365460657,0.0,R-ICEP,3.0,126.0,,0.4
0.43535765880012234,0.41009602581012106,small,3.0,270.0865033662814,358.25544316412555,1.0,R-ICEP,3.0,126.0,,0.4
0.41644835686377235,0.41606149778893686,small,3.0,288.956280317786,331.41496334988034,2.0,R-ICEP,3.0,126.0,,0.4
0.39858908824073147,0.39858908824073147,small,4.0,349.74910342603994,349.74910342603994,3.0,R-ICEP,10.0,126.0,,0.2
0.40464280920872786,0.40861870513509313,small,4.0,276.17744385938823,372.6186607668819,0.0,R-ICEP,10.0,126.0,,0.2
0.4164323618683009,0.42213434742329714,small,4.0,291.84134200644144,380.0102818042856,1.0,R-ICEP,10.0,126.0,,0.2
0.4532751441505359,0.4436630280237549,small,4.0,317.32924438469973,421.5698182270853,2.0,R-ICEP,10.0,126.0,,0.2
0.307863966027632,0.307863966027632,small,4.0,602.106078433494,602.106078433494,3.0,R-ICEP,3.0,123.0,,0.4
0.28450323135145134,0.2906446411932978,small,4.0,389.7641900512714,476.0695731947548,0.0,R-ICEP,3.0,123.0,,0.4
0.2643213470729354,0.27118055879599334,small,4.0,581.1564674625527,635.0413816020588,1.0,R-ICEP,3.0,123.0,,0.4
0.3095512209351719,0.3095512209351719,small,4.0,592.5826985699645,592.5826985699645,2.0,R-ICEP,3.0,123.0,,0.4
0.3420362068763695,0.3420362068763695,small,4.0,726.081656191499,726.081656191499,3.0,R-ICEP,10.0,125.0,,0.6
0.3453134340056303,0.3475435314277462,small,4.0,358.6060314394594,407.4725564336159,0.0,R-ICEP,10.0,125.0,,0.6
0.2822825301953793,0.27964585134303305,small,4.0,655.5949155292119,718.1764248851975,1.0,R-ICEP,10.0,125.0,,0.6
0.3395670743749968,0.3379348563452421,small,4.0,697.1653866013642,737.0164811006728,2.0,R-ICEP,10.0,125.0,,0.6
0.4825873072806763,0.4628653004991817,small,4.0,349.3977578317341,408.2106046497796,3.0,R-ICEP,3.0,124.0,,0.4
0.4583320307762767,0.4567560286736674,small,4.0,320.0416648519354,421.0499258807065,0.0,R-ICEP,3.0,124.0,,0.4
0.4904375807916379,0.4704749598446135,small,4.0,346.66304338120943,440.7003236536309,1.0,R-ICEP,3.0,124.0,,0.4
0.5202590091778891,0.5013352147664916,small,4.0,346.399946408561,440.700323653631,2.0,R-ICEP,3.0,124.0,,0.4
0.3465695960826839,0.3465695960826839,small,4.0,583.5815793794034,583.5815793794034,3.0,R-ICEP,5.0,123.0,,0.6
0.355236572227896,0.3466300155073668,small,4.0,402.8943333931664,469.2982484066089,0.0,R-ICEP,5.0,123.0,,0.6
0.29906233468039345,0.30341857679887835,small,4.0,534.7579202375291,572.056259921732,1.0,R-ICEP,5.0,123.0,,0.6
0.3459141938105098,0.34355224835603887,small,4.0,585.5561335870218,616.17948580899,2.0,R-ICEP,5.0,123.0,,0.6
0.3055561446872661,0.3055561446872661,small,2.0,192.50724631622737,192.50724631622737,3.0,R-ICEP,5.0,124.0,,0.2
0.3027182038415689,0.3238181965705504,small,2.0,177.30051006078375,262.1889009817946,0.0,R-ICEP,5.0,124.0,,0.2
0.3111340788851863,0.32988968861046125,small,2.0,192.50724631622737,235.05379036686705,1.0,R-ICEP,5.0,124.0,,0.2
0.3055561446872661,0.31769658238239507,small,2.0,192.50724631622737,246.996778425117,2.0,R-ICEP,5.0,124.0,,0.2
0.4582513100269555,0.4582513100269555,small,2.0,220.27839676528865,220.27839676528865,3.0,R-ICEP,10.0,127.0,,0.4
0.43690842515858697,0.44892747159269375,small,2.0,171.76084715645155,218.0169924746435,0.0,R-ICEP,10.0,127.0,,0.4
0.46056554088905494,0.4722893544719078,small,2.0,207.33852703868573,251.45667924067817,1.0,R-ICEP,10.0,127.0,,0.4
0.46134897756103105,0.46134897756103105,small,2.0,216.9412733991549,216.9412733991549,2.0,R-ICEP,10.0,127.0,,0.4
0.47408268575722834,0.47408268575722834,small,4.0,564.9656624692551,564.9656624692551,3.0,R-ICEP,5.0,124.0,,0.6
0.49299182254158574,0.49299182254158574,small,4.0,384.8803724792488,384.8803724792488,0.0,R-ICEP,5.0,124.0,,0.6
0.5360918612003001,0.5360918612003001,small,4.0,449.3161058043845,449.3161058043845,1.0,R-ICEP,5.0,124.0,,0.6
0.4935453319870642,0.4935453319870642,small,4.0,553.7688157337861,553.7688157337861,2.0,R-ICEP,5.0,124.0,,0.6
0.23905169152572364,0.23905169152572364,small,2.0,258.9111613296699,258.9111613296699,3.0,R-ICEP,5.0,123.0,,0.2
0.21571359735715095,0.21499690522665538,small,2.0,236.6127690296105,285.7629576521455,0.0,R-ICEP,5.0,123.0,,0.2
0.21682795472220134,0.22071697605116372,small,2.0,258.9111613296699,320.0139315508511,1.0,R-ICEP,5.0,123.0,,0.2
0.2394067440925086,0.2394067440925086,small,2.0,258.9111613296699,258.9111613296699,2.0,R-ICEP,5.0,123.0,,0.2
0.2633367248311985,0.2633367248311985,small,4.0,458.1229063699973,458.1229063699973,3.0,R-ICEP,10.0,127.0,,0.2
0.2799111314391059,0.27961398355818456,small,4.0,358.2452570198839,432.2228730833657,0.0,R-ICEP,10.0,127.0,,0.2
0.2552474104497383,0.2552474104497383,small,4.0,434.28862918624816,434.28862918624816,1.0,R-ICEP,10.0,127.0,,0.2
0.2627684469065195,0.2627684469065195,small,4.0,434.28862918624816,434.28862918624816,2.0,R-ICEP,10.0,127.0,,0.2
0.6321203064492086,0.6321203064492086,small,3.0,298.5749893357653,298.5749893357653,3.0,R-ICEP,3.0,127.0,,0.4
0.5898225538868203,0.5895863119595879,small,3.0,253.6377498384929,299.3284977166277,0.0,R-ICEP,3.0,127.0,,0.4
0.6310140569731972,0.6199870669846319,small,3.0,286.5679305152645,335.7181191377995,1.0,R-ICEP,3.0,127.0,,0.4
0.6321203064492086,0.6321203064492086,small,3.0,298.5749893357653,298.5749893357653,2.0,R-ICEP,3.0,127.0,,0.4
0.5791745156140683,0.5791745156140683,small,3.0,316.12076923763965,316.12076923763965,3.0,R-ICEP,10.0,124.0,,0.4
0.5354275890342077,0.533407240986434,small,3.0,253.6377498384929,301.6985782621145,0.0,R-ICEP,10.0,124.0,,0.4
0.5961955484187109,0.5904959399733458,small,3.0,284.53958505501777,351.5679021871168,1.0,R-ICEP,10.0,124.0,,0.4
0.5791745156140683,0.5766963598029357,small,3.0,316.12076923763965,343.381728656847,2.0,R-ICEP,10.0,124.0,,0.4
0.4056507683806715,0.4056507683806715,small,3.0,346.66304338120943,346.66304338120943,3.0,R-ICEP,10.0,123.0,,0.4
0.38720062319498527,0.3839270981322413,small,3.0,244.58027361538137,285.3885786369578,0.0,R-ICEP,10.0,123.0,,0.4
0.38704242953953133,0.38704242953953133,small,3.0,274.9595854138328,274.9595854138328,1.0,R-ICEP,10.0,123.0,,0.4
0.44108493532063753,0.44108493532063753,small,3.0,308.1217971656444,308.1217971656444,2.0,R-ICEP,10.0,123.0,,0.4
0.6904558926245228,0.6904558926245228,small,3.0,573.4729849854361,573.4729849854361,3.0,R-ICEP,5.0,127.0,,0.6
0.5898225538868203,0.5922166293534707,small,3.0,253.6377498384929,299.3284977166277,0.0,R-ICEP,5.0,127.0,,0.6
0.7044402723735307,0.7044402723735307,small,3.0,550.5997795899183,550.5997795899183,1.0,R-ICEP,5.0,127.0,,0.6
0.7042801711331439,0.7042801711331439,small,3.0,553.2633833455419,553.2633833455419,2.0,R-ICEP,5.0,127.0,,0.6
0.3605716472607131,0.3605716472607131,small,2.0,207.33852703868573,207.33852703868573,3.0,R-ICEP,3.0,125.0,,0.2
0.35183054901122723,0.38281989408322475,small,2.0,192.50724631622737,246.4975972856917,0.0,R-ICEP,3.0,125.0,,0.2
0.3605716472607131,0.3779145973222039,small,2.0,207.33852703868573,242.92989560486348,1.0,R-ICEP,3.0,125.0,,0.2
0.35139108870129676,0.368585592785305,small,2.0,207.33852703868573,243.6315878535816,2.0,R-ICEP,3.0,125.0,,0.2
0.3518989419934277,0.3537307066467311,small,4.0,358.2452570198839,407.3954456424189,3.0,R-ICEP,3.0,125.0,,0.6
0.3402088163072815,0.3511821197848918,small,4.0,325.3150763431124,395.877460386149,0.0,R-ICEP,3.0,125.0,,0.6
0.32365777270343987,0.326472701676515,small,4.0,342.2393489684304,415.1791892509046,1.0,R-ICEP,3.0,125.0,,0.6
0.32723995284364715,0.32378857921829535,small,4.0,360.42430216257736,432.77791214229535,2.0,R-ICEP,3.0,125.0,,0.6
0.37040174171895124,0.37040174171895124,small,4.0,542.1552451087879,542.1552451087879,3.0,R-ICEP,5.0,125.0,,0.4
0.3328235444702384,0.32482363464656083,small,4.0,345.04156952302566,424.659358177568,0.0,R-ICEP,5.0,125.0,,0.4
0.31069524739657145,0.31060262772888236,small,4.0,470.27773611993086,504.4230914573308,1.0,R-ICEP,5.0,125.0,,0.4
0.3758091792436061,0.3691083315562705,small,4.0,535.7021634200514,597.6430506483042,2.0,R-ICEP,5.0,125.0,,0.4
0.3179244100587046,0.3179244100587046,small,3.0,407.472556433616,407.472556433616,3.0,R-ICEP,3.0,126.0,,0.6
0.33905394891746454,0.34802299270323267,small,3.0,309.7395064453028,340.7548319872432,0.0,R-ICEP,3.0,126.0,,0.6
0.33206702693896956,0.33966864589943474,small,3.0,390.9967310086796,449.9632133633757,1.0,R-ICEP,3.0,126.0,,0.6
0.35624652792154216,0.35624652792154216,small,3.0,402.8943333931664,402.8943333931664,2.0,R-ICEP,3.0,126.0,,0.6
0.4256782690248043,0.4256782690248043,small,3.0,350.29265708593937,350.29265708593937,3.0,R-ICEP,5.0,126.0,,0.4
0.37351325076023584,0.37555706860323573,small,3.0,274.9595854138328,338.3539603490333,0.0,R-ICEP,5.0,126.0,,0.4
0.41648656515564336,0.41648656515564336,small,3.0,327.99426478588003,327.99426478588003,1.0,R-ICEP,5.0,126.0,,0.4
0.3831185032629008,0.3831185032629008,small,3.0,345.04156952302566,345.04156952302566,2.0,R-ICEP,5.0,126.0,,0.4
0.48047228925114743,0.48047228925114743,small,4.0,472.0493243330711,472.0493243330711,3.0,R-ICEP,5.0,124.0,,0.4
0.4940577222810071,0.4886585784926433,small,4.0,382.18116625785865,445.55822728469707,0.0,R-ICEP,5.0,124.0,,0.4
0.47643047903405134,0.4748500387956655,small,4.0,429.252614949792,523.5529921948621,1.0,R-ICEP,5.0,124.0,,0.4
0.4759910737503845,0.4694515811730581,small,4.0,470.27773611993086,547.1574696072929,2.0,R-ICEP,5.0,124.0,,0.4
0.3235726840617829,0.3235726840617829,small,4.0,563.2385250485772,563.2385250485772,3.0,R-ICEP,5.0,123.0,,0.4
0.2935713880285528,0.30239870665659085,small,4.0,434.28862918624816,488.7315355246065,0.0,R-ICEP,5.0,123.0,,0.4
0.27765554669994574,0.28815108415852675,small,4.0,535.7021634200514,535.7021634200514,1.0,R-ICEP,5.0,123.0,,0.4
0.32444340931857074,0.32444340931857074,small,4.0,537.5574996745286,537.5574996745286,2.0,R-ICEP,5.0,123.0,,0.4
0.505030201603913,0.505030201603913,small,4.0,502.8046563644744,502.8046563644744,3.0,R-ICEP,3.0,124.0,,0.6
0.4991186562139255,0.5119313400058327,small,4.0,311.8600371699791,405.5212300627703,0.0,R-ICEP,3.0,124.0,,0.6
0.562209642750354,0.5426339757033045,small,4.0,446.4195642791743,547.1158226363835,1.0,R-ICEP,3.0,124.0,,0.6
0.5217914771989888,0.5211773870820421,small,4.0,507.1781878760772,521.8803065618667,2.0,R-ICEP,3.0,124.0,,0.6
0.22956253100388518,0.2316501554257632,small,2.0,225.4374269929989,303.458806907788,3.0,R-ICEP,3.0,123.0,,0.2
0.21906691925781324,0.2285121185119045,small,2.0,213.5857220834764,315.77725124441616,0.0,R-ICEP,3.0,123.0,,0.2
0.2268282772866908,0.2466700807724928,small,2.0,220.5971466255324,303.458806907788,1.0,R-ICEP,3.0,123.0,,0.2
0.22956253100388513,0.2437865206479211,small,2.0,225.4374269929989,333.38571598634024,2.0,R-ICEP,3.0,123.0,,0.2
0.28604199573489497,0.28604199573489497,small,4.0,763.2549621790777,763.2549621790777,3.0,R-ICEP,3.0,123.0,,0.6
0.2686700851091094,0.2756295715303107,small,4.0,488.7315355246065,546.5563138570418,0.0,R-ICEP,3.0,123.0,,0.6
0.24642643896196897,0.2546915183350233,small,4.0,732.8756503806263,776.1282897661054,1.0,R-ICEP,3.0,123.0,,0.6
0.2864487708278995,0.2864487708278995,small,4.0,763.2549621790777,763.2549621790777,2.0,R-ICEP,3.0,123.0,,0.6
0.3055561446872662,0.3055561446872662,small,2.0,192.50724631622737,192.50724631622737,3.0,R-ICEP,3.0,124.0,,0.2
0.28134959636102186,0.2863638122749737,small,2.0,171.41187177113204,233.70854840736763,0.0,R-ICEP,3.0,124.0,,0.2
0.30538332014418007,0.30538332014418007,small,2.0,192.50724631622737,192.50724631622737,1.0,R-ICEP,3.0,124.0,,0.2
0.3136815004537185,0.3136815004537185,small,2.0,192.50724631622737,192.50724631622737,2.0,R-ICEP,3.0,124.0,,0.2
0.617913221166052,0.617913221166052,small,3.0,330.044990364126,330.044990364126,3.0,R-ICEP,5.0,127.0,,0.4
0.5814644788928469,0.5877334013653928,small,3.0,218.0169924746435,275.8417708070788,0.0,R-ICEP,5.0,127.0,,0.4
0.6331635246369708,0.6297263939677393,small,3.0,299.3284977166277,338.8539877663262,1.0,R-ICEP,5.0,127.0,,0.4
0.6331635246369709,0.6331635246369709,small,3.0,299.3284977166277,299.3284977166277,2.0,R-ICEP,5.0,127.0,,0.4
0.47576162223711205,0.4811486062302781,small,3.0,171.41187177113204,207.94700196035816,3.0,R-ICEP,3.0,127.0,,0.6
0.5074540224561536,0.4844720082368757,small,3.0,195.18643475899492,290.02737125966473,0.0,R-ICEP,3.0,127.0,,0.6
0.47576162223711205,0.46801994268455244,small,3.0,171.41187177113204,284.2390652212674,1.0,R-ICEP,3.0,127.0,,0.6
0.4689099883108273,0.46341443339405775,small,3.0,171.41187177113204,259.0374575761707,2.0,R-ICEP,3.0,127.0,,0.6
0.291661469162807,0.291661469162807,small,3.0,588.8531204275154,588.8531204275154,3.0,R-ICEP,10.0,125.0,,0.6
0.3065474606015718,0.31352973517686006,small,3.0,298.69570896260205,362.337627558337,0.0,R-ICEP,10.0,125.0,,0.6
0.2558926924868895,0.2653920778203016,small,3.0,567.9368114729798,603.5175234791383,1.0,R-ICEP,10.0,125.0,,0.6
0.29466123743121825,0.29466123743121825,small,3.0,581.3929112981862,581.3929112981862,2.0,R-ICEP,10.0,125.0,,0.6
0.22071260251199973,0.22071260251199973,small,2.0,259.0374575761707,259.0374575761707,3.0,R-ICEP,10.0,123.0,,0.2
0.24176762464537718,0.2616094281311792,small,2.0,225.8647750533821,303.458806907788,0.0,R-ICEP,10.0,123.0,,0.2
0.2394067440925086,0.2606745789260009,small,2.0,258.9111613296699,311.860037169979,1.0,R-ICEP,10.0,123.0,,0.2
0.23214365982771298,0.24795242601694403,small,2.0,259.6121067963989,322.6793761719057,2.0,R-ICEP,10.0,123.0,,0.2
0.24409523643382017,0.24409523643382017,small,2.0,228.1897719616844,228.1897719616844,3.0,R-ICEP,3.0,126.0,,0.4
0.24252501891811146,0.2664176274146983,small,2.0,216.23373949614063,256.0444051155707,0.0,R-ICEP,3.0,126.0,,0.4
0.2420296518559631,0.26280712541820106,small,2.0,225.8647750533821,274.58761561553393,1.0,R-ICEP,3.0,126.0,,0.4
0.24195539768016355,0.26060169643701825,small,2.0,228.95181738381729,286.7765957162526,2.0,R-ICEP,3.0,126.0,,0.4
0.32453333257392847,0.32453333257392847,small,2.0,210.0180204026481,210.0180204026481,3.0,R-ICEP,10.0,124.0,,0.2
0.29638860587889415,0.29638860587889415,small,2.0,179.09496160123368,179.09496160123368,0.0,R-ICEP,10.0,124.0,,0.2
0.29484782663380427,0.29484782663380427,small,2.0,210.0180204026481,210.0180204026481,1.0,R-ICEP,10.0,124.0,,0.2
0.29792833798637675,0.29792833798637675,small,2.0,210.0180204026481,210.0180204026481,2.0,R-ICEP,10.0,124.0,,0.2
0.3228149590873113,0.3228149590873113,small,2.0,257.43242219486547,257.43242219486547,3.0,R-ICEP,5.0,126.0,,0.6
0.2796879777968741,0.2788140130806524,small,2.0,207.33852703868573,258.9111613296699,0.0,R-ICEP,5.0,126.0,,0.6
0.30057082686247644,0.29077028336085553,small,2.0,225.4374269929989,309.7395064453028,1.0,R-ICEP,5.0,126.0,,0.6
0.28503273710824295,0.28503273710824295,small,2.0,246.09758784956784,246.09758784956784,2.0,R-ICEP,5.0,126.0,,0.6
0.41414631089290693,0.41642203737605527,small,4.0,311.3294918021266,362.4726145829454,3.0,R-ICEP,5.0,126.0,,0.2
0.402371114783278,0.3914867758493821,small,4.0,276.17744385938823,360.88233983372936,0.0,R-ICEP,5.0,126.0,,0.2
0.40390957871995575,0.40864261923566964,small,4.0,276.17744385938823,404.5406971173376,1.0,R-ICEP,5.0,126.0,,0.2
0.45329669193351735,0.4474665167946597,small,4.0,303.016684043053,440.3358124634321,2.0,R-ICEP,5.0,126.0,,0.2
0.6426642127713696,0.6426642127713696,small,3.0,345.0192455947624,345.0192455947624,3.0,R-ICEP,10.0,127.0,,0.2
0.5886118372274874,0.5734253518127939,small,3.0,258.2959909052044,334.9411140903995,0.0,R-ICEP,10.0,127.0,,0.2
0.6417690574028014,0.6219933095639283,small,3.0,345.0192455947624,411.52290241273744,1.0,R-ICEP,10.0,127.0,,0.2
0.6432407688336846,0.6326498889769692,small,3.0,345.0192455947624,471.28991530408285,2.0,R-ICEP,10.0,127.0,,0.2
0.2869615883922524,0.2869615883922524,small,2.0,326.3567478479646,326.3567478479646,3.0,R-ICEP,10.0,126.0,,0.6
0.24347099340283904,0.24347099340283904,small,2.0,216.23373949614063,216.23373949614063,0.0,R-ICEP,10.0,126.0,,0.6
0.23457496624206536,0.23457496624206536,small,2.0,291.84134200644144,291.84134200644144,1.0,R-ICEP,10.0,126.0,,0.6
0.25634160137104395,0.25634160137104395,small,2.0,323.52385040643105,323.52385040643105,2.0,R-ICEP,10.0,126.0,,0.6
0.5571970486876504,0.5571970486876504,small,4.0,569.2085713779169,569.2085713779169,3.0,R-ICEP,10.0,124.0,,0.4
0.4750820288451413,0.47413696081871876,small,4.0,365.73241273007017,418.1177083138473,0.0,R-ICEP,10.0,124.0,,0.4
0.5902359773723906,0.5780162752752339,small,4.0,521.9142149912868,589.9421807634436,1.0,R-ICEP,10.0,124.0,,0.4
0.5776746851479704,0.5692015782660959,small,4.0,560.6797441628784,592.455612021492,2.0,R-ICEP,10.0,124.0,,0.4
0.3453277856136469,0.3453277856136469,small,3.0,336.4904183797239,336.4904183797239,3.0,R-ICEP,5.0,125.0,,0.2
0.3533708114145327,0.34836638150481636,small,3.0,274.97820209673984,361.28358524022326,0.0,R-ICEP,5.0,125.0,,0.2
0.3137847038472073,0.3137847038472073,small,3.0,315.77725124441616,315.77725124441616,1.0,R-ICEP,5.0,125.0,,0.2
0.3516365176473363,0.3516365176473363,small,3.0,325.9659193256333,325.9659193256333,2.0,R-ICEP,5.0,125.0,,0.2
0.3135341052178228,0.3135341052178228,small,4.0,625.0079136500188,625.0079136500188,3.0,R-ICEP,10.0,123.0,,0.4
0.34923838600570156,0.3561720199400192,small,4.0,382.18116625785865,470.27773611993086,0.0,R-ICEP,10.0,123.0,,0.4
0.2785118208352021,0.27556735231129825,small,4.0,585.5561335870218,637.6184280240757,1.0,R-ICEP,10.0,123.0,,0.4
0.31585147487569587,0.31607092266040354,small,4.0,614.3230919749577,663.4732805974928,2.0,R-ICEP,10.0,123.0,,0.4
0.2637153520869359,0.2637153520869359,small,4.0,452.3486374356676,452.3486374356676,3.0,R-ICEP,5.0,127.0,,0.2
0.2701179848295315,0.2701179848295315,small,4.0,391.71899135655485,391.71899135655485,0.0,R-ICEP,5.0,127.0,,0.2
0.2559853162638139,0.2559853162638139,small,4.0,434.28862918624816,434.28862918624816,1.0,R-ICEP,5.0,127.0,,0.2
0.2660377652592169,0.2660377652592169,small,4.0,439.89842432147947,439.89842432147947,2.0,R-ICEP,5.0,127.0,,0.2
0.4988400454045026,0.4988400454045026,small,2.0,214.31708250584504,214.31708250584504,3.0,R-ICEP,5.0,127.0,,0.6
0.4779576117893236,0.4704523268464905,small,2.0,171.63695489602193,220.40071414355523,0.0,R-ICEP,5.0,127.0,,0.6
0.5345345162839074,0.5337153714993568,small,2.0,214.20096181693,241.8665623688181,1.0,R-ICEP,5.0,127.0,,0.6
0.5105419092134685,0.5105419092134685,small,2.0,220.27839676528865,220.27839676528865,2.0,R-ICEP,5.0,127.0,,0.6
0.4226113307603727,0.4226113307603727,small,3.0,344.60137404868783,344.60137404868783,3.0,R-ICEP,10.0,123.0,,0.6
0.40033531246375953,0.39424804392871426,small,3.0,225.8647750533821,270.0865033662814,0.0,R-ICEP,10.0,123.0,,0.6
0.41794985376145266,0.4148112793724506,small,3.0,259.95283283452204,326.3567478479645,1.0,R-ICEP,10.0,123.0,,0.6
0.4691604182205575,0.4656263060048584,small,3.0,301.6985782621145,360.8721536894877,2.0,R-ICEP,10.0,123.0,,0.6
0.34501059376511495,0.34501059376511495,small,2.0,228.1897719616844,228.1897719616844,3.0,R-ICEP,10.0,125.0,,0.2
0.3486643523170183,0.33432432332455114,small,2.0,182.9694212175312,249.3733362309737,0.0,R-ICEP,10.0,125.0,,0.2
0.3688548194367179,0.36798085472049624,small,2.0,192.50724631622737,258.9111613296699,1.0,R-ICEP,10.0,125.0,,0.2
0.30863169498143017,0.30863169498143017,small,2.0,217.15342376430456,217.15342376430456,2.0,R-ICEP,10.0,125.0,,0.2
0.6000046346734653,0.6000046346734653,small,3.0,373.6850126640148,373.6850126640148,3.0,R-ICEP,10.0,124.0,,0.6
0.5391925821768578,0.5327155987992335,small,3.0,236.66776657906823,330.9681438241382,0.0,R-ICEP,10.0,124.0,,0.6
0.6005736041203805,0.5798547754239893,small,3.0,345.0192455947624,451.9121627351434,1.0,R-ICEP,10.0,124.0,,0.6
0.5923141816468152,0.5826418550482249,small,3.0,371.9210808112873,376.4507599719697,2.0,R-ICEP,10.0,124.0,,0.6
0.5526119861862699,0.538739764916612,small,2.0,273.80736331390125,387.64279263794737,3.0,R-ICEP,3.0,127.0,,0.4
0.4857008098368986,0.4687867239357968,small,2.0,195.48546325493064,284.2390652212674,0.0,R-ICEP,3.0,127.0,,0.4
0.5632724238108026,0.549443041364823,small,2.0,259.01845065229145,322.67937617190574,1.0,R-ICEP,3.0,127.0,,0.4
0.5403765924984215,0.5265018869136617,small,2.0,276.17744385938823,383.80763908455606,2.0,R-ICEP,3.0,127.0,,0.4
0.5510224063329463,0.5510224063329463,small,3.0,262.1889009817946,262.1889009817946,3.0,R-ICEP,5.0,124.0,,0.2
0.5391925821768578,0.5279260132296704,small,3.0,236.66776657906823,347.8809838170024,0.0,R-ICEP,5.0,124.0,,0.2
0.552594461632048,0.5469786103972402,small,3.0,259.01845065229145,342.2393489684304,1.0,R-ICEP,5.0,124.0,,0.2
0.552594461632048,0.542411459368778,small,3.0,259.01845065229145,374.1613853188862,2.0,R-ICEP,5.0,124.0,,0.2
0.379074867686873,0.379074867686873,small,3.0,308.2227324305711,308.2227324305711,3.0,R-ICEP,5.0,123.0,,0.2
0.3680689529371529,0.3680689529371529,small,3.0,263.1755749371891,263.1755749371891,0.0,R-ICEP,5.0,123.0,,0.2
0.37220236029756454,0.37220236029756454,small,3.0,276.7540369542827,276.7540369542827,1.0,R-ICEP,5.0,123.0,,0.2
0.40937799379825524,0.40937799379825524,small,3.0,296.7996367186999,296.7996367186999,2.0,R-ICEP,5.0,123.0,,0.2
0.3298822821618388,0.3298822821618388,small,4.0,534.4481017852994,534.4481017852994,3.0,R-ICEP,10.0,125.0,,0.4
0.30633256294846267,0.3270647577442443,small,4.0,359.8304821846355,409.51911252302807,0.0,R-ICEP,10.0,125.0,,0.4
0.2732921831247511,0.28395119332591023,small,4.0,451.1522195321632,564.4275543912994,1.0,R-ICEP,10.0,125.0,,0.4
0.27849144847477453,0.28668751277166094,small,4.0,488.9632553912957,528.791234990959,2.0,R-ICEP,10.0,125.0,,0.4
0.5233658398644419,0.5233658398644419,small,2.0,248.69972206413368,248.69972206413368,3.0,R-ICEP,10.0,127.0,,0.6
0.4770980482565103,0.46849960726305423,small,2.0,179.09496160123368,284.2390652212674,0.0,R-ICEP,10.0,127.0,,0.6
0.5274243889187018,0.5194235387815966,small,2.0,222.11392064026413,309.7395064453028,1.0,R-ICEP,10.0,127.0,,0.6
0.5223929787512528,0.5024902330007337,small,2.0,248.69972206413368,347.8809838170024,2.0,R-ICEP,10.0,127.0,,0.6
0.416439909785787,0.416439909785787,small,3.0,325.9659193256333,325.9659193256333,3.0,R-ICEP,10.0,126.0,,0.2
0.379819669900335,0.3888326724882986,small,3.0,270.0865033662814,336.4904183797239,0.0,R-ICEP,10.0,126.0,,0.2
0.39155600340442154,0.39271910356168627,small,3.0,303.458806907788,389.7641900512714,1.0,R-ICEP,10.0,126.0,,0.2
0.431468676342738,0.431468676342738,small,3.0,315.77725124441616,315.77725124441616,2.0,R-ICEP,10.0,126.0,,0.2
0.44957323920644504,0.4416507204372396,small,3.0,322.67937617190574,410.30496197694447,3.0,R-ICEP,3.0,126.0,,0.2
0.4238944125167535,0.41279648369887323,small,3.0,270.0865033662814,336.4904183797239,0.0,R-ICEP,3.0,126.0,,0.2
0.4524802156699277,0.4498930172792467,small,3.0,295.0640841091085,372.6186607668819,1.0,R-ICEP,3.0,126.0,,0.2
0.44306926851152256,0.42981186700436363,small,3.0,322.67937617190574,404.9980486913543,2.0,R-ICEP,3.0,126.0,,0.2
0.34125745128261176,0.34125745128261176,small,2.0,225.4374269929989,225.4374269929989,3.0,R-ICEP,5.0,125.0,,0.4
0.3532467747606525,0.3532467747606525,small,2.0,207.33852703868573,207.33852703868573,0.0,R-ICEP,5.0,125.0,,0.4
0.35735408283235326,0.35735408283235326,small,2.0,210.0180204026481,210.0180204026481,1.0,R-ICEP,5.0,125.0,,0.4
0.30290645455873866,0.30290645455873866,small,2.0,216.23373949614063,216.23373949614063,2.0,R-ICEP,5.0,125.0,,0.4
0.3832603808212348,0.3832603808212348,small,2.0,281.264551179187,281.264551179187,3.0,R-ICEP,3.0,125.0,,0.6
0.3827746835516464,0.38366469615736354,small,2.0,207.33852703868573,274.9861138647789,0.0,R-ICEP,3.0,125.0,,0.6
0.3470659546147412,0.34299820049287977,small,2.0,246.09758784956784,304.86902859161773,1.0,R-ICEP,3.0,125.0,,0.6
0.39103569385550274,0.3916159257298125,small,2.0,259.0374575761707,316.44622987002293,2.0,R-ICEP,3.0,125.0,,0.6
0.31255925239171944,0.3225928787401975,small,4.0,382.18116625785865,427.33905551134296,3.0,R-ICEP,3.0,125.0,,0.2
0.3205218944395459,0.3362336448969131,small,4.0,333.72317365460657,392.2672738748539,0.0,R-ICEP,3.0,125.0,,0.2
0.29064039537616954,0.3025983329687084,small,4.0,372.6186607668818,427.3390555113431,1.0,R-ICEP,3.0,125.0,,0.2
0.29339533720974387,0.3003776117850321,small,4.0,382.6287866896151,382.6287866896151,2.0,R-ICEP,3.0,125.0,,0.2
0.6307694491703204,0.6062040554525552,small,3.0,298.69570896260205,386.3212947676408,3.0,R-ICEP,3.0,127.0,,0.2
0.5925315046762958,0.5598664952441544,small,3.0,259.01845065229145,353.3188278973615,0.0,R-ICEP,3.0,127.0,,0.2
0.6307694491703204,0.6004207847308586,small,3.0,298.69570896260205,411.52290241273744,1.0,R-ICEP,3.0,127.0,,0.2
0.6307694491703204,0.6004207847308587,small,3.0,298.695708962602,411.5229024127374,2.0,R-ICEP,3.0,127.0,,0.2
0.5016058762031032,0.5016058762031032,small,4.0,390.8036139610287,390.8036139610287,3.0,R-ICEP,3.0,124.0,,0.2
0.49146271699442945,0.48834034520209785,small,4.0,347.5622339567586,439.89842432147947,0.0,R-ICEP,3.0,124.0,,0.2
0.5337014780830955,0.5172999254684197,small,4.0,381.6376125979593,508.72091242808153,1.0,R-ICEP,3.0,124.0,,0.2
0.46982695534762725,0.46982695534762725,small,4.0,390.7099934728972,390.7099934728972,2.0,R-ICEP,3.0,124.0,,0.2
0.22834518269337245,0.22834518269337245,small,2.0,323.52385040643105,323.52385040643105,3.0,R-ICEP,3.0,123.0,,0.6
0.22253631133318677,0.22773692836989423,small,2.0,217.15342376430456,259.8760997827934,0.0,R-ICEP,3.0,123.0,,0.6
0.2269860696375791,0.23117892983713245,small,2.0,308.2227324305711,327.9419730127162,1.0,R-ICEP,3.0,123.0,,0.6
0.2361337655987794,0.2361337655987794,small,2.0,323.52385040643105,323.52385040643105,2.0,R-ICEP,3.0,123.0,,0.6
0.3066902155892884,0.3146942740773367,small,4.0,434.28862918624816,473.56266201412825,3.0,R-ICEP,3.0,123.0,,0.2
0.3061881578292055,0.30697296053777234,small,4.0,389.7641900512714,482.1266579242464,0.0,R-ICEP,3.0,123.0,,0.2
0.3158476689090267,0.33243809305844774,small,4.0,421.3487594596453,476.7988760776257,1.0,R-ICEP,3.0,123.0,,0.2
0.30092883890503425,0.3134497810913545,small,4.0,427.8719141359934,500.7289108381724,2.0,R-ICEP,3.0,123.0,,0.2
0.3308533337577483,0.3308533337577483,small,2.0,214.3170825058451,214.3170825058451,3.0,R-ICEP,3.0,124.0,,0.6
0.316973234977075,0.3345601399789669,small,2.0,177.30051006078375,306.8816217642885,0.0,R-ICEP,3.0,124.0,,0.6
0.3358696145101805,0.34713608748908775,small,2.0,210.0180204026481,258.9111613296699,1.0,R-ICEP,3.0,124.0,,0.6
0.3269368111844878,0.3476208767457215,small,2.0,214.3170825058451,262.7652268095283,2.0,R-ICEP,3.0,124.0,,0.6
0.2238747220220892,0.23057697780535252,small,2.0,274.9595854138328,302.0707898284932,3.0,R-ICEP,5.0,123.0,,0.4
0.22292199717733996,0.24787754258446332,small,2.0,217.15342376430456,303.458806907788,0.0,R-ICEP,5.0,123.0,,0.4
0.22419450567166588,0.24389229318985933,small,2.0,274.9595854138328,322.6793761719057,1.0,R-ICEP,5.0,123.0,,0.4
0.2238747220220892,0.24638574399458363,small,2.0,274.9595854138328,322.6793761719057,2.0,R-ICEP,5.0,123.0,,0.4
0.37184311454201585,0.37184311454201585,small,2.0,258.0405759078178,258.0405759078178,3.0,R-ICEP,5.0,124.0,,0.4
0.3138147486346198,0.33648844879897155,small,2.0,207.33852703868573,246.4975972856917,0.0,R-ICEP,5.0,124.0,,0.4
0.3270848489738872,0.34190619752722984,small,2.0,227.659226593832,283.92031536102365,1.0,R-ICEP,5.0,124.0,,0.4
0.3404767627309061,0.35535393874890087,small,2.0,250.29701883320905,285.75583923599913,2.0,R-ICEP,5.0,124.0,,0.4
0.4325037068857839,0.4325037068857839,small,3.0,356.3997676682006,356.3997676682006,3.0,R-ICEP,10.0,126.0,,0.4
0.37408294172139084,0.3764229066480111,small,3.0,259.0374575761707,346.66304338120943,0.0,R-ICEP,10.0,126.0,,0.4
0.43498066058038914,0.4361437607376538,small,3.0,320.0416648519354,389.7641900512714,1.0,R-ICEP,10.0,126.0,,0.4
0.43781098584957057,0.43781098584957057,small,3.0,350.2926570859393,350.2926570859393,2.0,R-ICEP,10.0,126.0,,0.4
0.4410401938597837,0.4392019060168863,small,3.0,345.04156952302566,473.8493995499107,3.0,R-ICEP,5.0,125.0,,0.6
0.40748726627000453,0.3928993601163026,small,3.0,238.58442356936385,367.3922535962489,0.0,R-ICEP,5.0,125.0,,0.6
0.4944971788988388,0.4849870332403645,small,3.0,298.69570896260205,361.4679991225509,1.0,R-ICEP,5.0,125.0,,0.6
0.46745046447947675,0.4533082735265227,small,3.0,322.6793761719057,383.23302390695255,2.0,R-ICEP,5.0,125.0,,0.6
0.33150310419681067,0.33150310419681067,small,4.0,426.234397198078,426.234397198078,3.0,R-ICEP,10.0,125.0,,0.2
0.3110464981007085,0.30457699460781296,small,4.0,355.53619895786164,459.4902368313448,0.0,R-ICEP,10.0,125.0,,0.2
0.30520266846230776,0.30520266846230776,small,4.0,406.9019308765688,406.9019308765688,1.0,R-ICEP,10.0,125.0,,0.2
0.30242434666954743,0.30242434666954743,small,4.0,411.2041525524936,411.2041525524936,2.0,R-ICEP,10.0,125.0,,0.2
0.31554780731350957,0.31554780731350957,small,3.0,372.6186607668818,372.6186607668818,3.0,R-ICEP,3.0,125.0,,0.4
0.3026852829713794,0.32057620110606244,small,3.0,325.84884731473346,390.99673100867966,0.0,R-ICEP,3.0,125.0,,0.4
0.29186202984269916,0.3006903329860891,small,3.0,372.6186607668818,402.426152381123,1.0,R-ICEP,3.0,125.0,,0.4
0.3153305965016543,0.3153305965016543,small,3.0,372.6186607668818,372.6186607668818,2.0,R-ICEP,3.0,125.0,,0.4
0.24051985270971174,0.24254171654667478,small,2.0,225.4374269929989,274.58761561553393,3.0,R-ICEP,5.0,126.0,,0.2
0.22930588861601753,0.2314984656408529,small,2.0,213.5857220834764,333.4254270831468,0.0,R-ICEP,5.0,126.0,,0.2
0.23102236262822595,0.2547325676886552,small,2.0,225.8647750533821,298.2183850331001,1.0,R-ICEP,5.0,126.0,,0.2
0.24051985270971174,0.2632257821079086,small,2.0,225.4374269929989,274.58761561553393,2.0,R-ICEP,5.0,126.0,,0.2
0.39806138619177234,0.39806138619177234,small,2.0,262.1889009817946,262.1889009817946,3.0,R-ICEP,10.0,125.0,,0.4
0.36442394945087403,0.36442394945087403,small,2.0,207.33852703868573,207.33852703868573,0.0,R-ICEP,10.0,125.0,,0.4
0.32997180613706967,0.32997180613706967,small,2.0,217.15342376430456,217.15342376430456,1.0,R-ICEP,10.0,125.0,,0.4
0.3350062503271732,0.3350062503271732,small,2.0,244.5802736153814,244.5802736153814,2.0,R-ICEP,10.0,125.0,,0.4
0.42281710642437914,0.42281710642437914,small,4.0,514.7174537157659,514.7174537157659,3.0,R-ICEP,5.0,126.0,,0.6
0.418788620622024,0.418788620622024,small,4.0,333.72317365460657,333.72317365460657,0.0,R-ICEP,5.0,126.0,,0.6
0.4011477503743177,0.4011477503743177,small,4.0,375.4933833279587,375.4933833279587,1.0,R-ICEP,5.0,126.0,,0.6
0.4668238037850216,0.4668238037850216,small,4.0,442.6332496235837,442.6332496235837,2.0,R-ICEP,5.0,126.0,,0.6
0.2573045673484414,0.2573045673484414,small,4.0,673.1817193920605,673.1817193920605,3.0,R-ICEP,10.0,127.0,,0.6
0.2476777480738957,0.25770531866412416,small,4.0,410.3049619769444,473.9468805726794,0.0,R-ICEP,10.0,127.0,,0.6
0.23651616532188457,0.24992508077040626,small,4.0,645.1126378008937,702.4963385821751,1.0,R-ICEP,10.0,127.0,,0.6
0.38194235853804015,0.38194235853804015,small,4.0,410.3049619769444,410.3049619769444,3.0,R-ICEP,3.0,126.0,,0.4
0.4222702607300347,0.4286243438004661,small,4.0,308.8031731458764,391.1856238408971,0.0,R-ICEP,3.0,126.0,,0.4
0.4233453593389126,0.42296974067671905,small,4.0,374.4131123073317,503.9942240108365,1.0,R-ICEP,3.0,126.0,,0.4
0.41670269321796455,0.4073640417333745,small,4.0,375.4933833279586,429.9552571456979,2.0,R-ICEP,3.0,126.0,,0.4
0.5431291733286795,0.5451729911716794,small,3.0,274.7120417532983,338.3539603490333,3.0,R-ICEP,3.0,124.0,,0.4
0.5038589577036843,0.5108388928111347,small,3.0,218.0169924746435,275.8417708070788,0.0,R-ICEP,3.0,124.0,,0.4
0.5311170658228848,0.5335111412895353,small,3.0,253.6377498384929,299.3284977166277,1.0,R-ICEP,3.0,124.0,,0.4
0.5269307770606609,0.5293248525273114,small,3.0,262.7652268095283,299.3284977166277,2.0,R-ICEP,3.0,124.0,,0.4
0.3226192958713437,0.3226192958713437,small,4.0,514.9889962847436,514.9889962847436,3.0,R-ICEP,10.0,123.0,,0.2
0.3102619765955079,0.30383410470799005,small,4.0,411.2041525524936,478.8517393785868,0.0,R-ICEP,10.0,123.0,,0.2
0.30575507245369904,0.3083233727746403,small,4.0,484.9906780553803,535.6927269245124,1.0,R-ICEP,10.0,123.0,,0.2
0.3187872287398016,0.3164766848626235,small,4.0,518.0757090459937,558.3547074765546,2.0,R-ICEP,10.0,123.0,,0.2
0.4236666727494508,0.4236666727494508,small,3.0,323.52385040643105,323.52385040643105,3.0,R-ICEP,3.0,123.0,,0.4
0.41246734499856474,0.3964960203308481,small,3.0,240.75021100333004,304.6019092078046,0.0,R-ICEP,3.0,123.0,,0.4
0.40659502342210213,0.40607784929421165,small,3.0,258.9111613296699,325.3150763431124,1.0,R-ICEP,3.0,123.0,,0.4
0.45744422074340535,0.44538861436745947,small,3.0,285.7558392359991,370.47245670558937,2.0,R-ICEP,3.0,123.0,,0.4
0.48173600616364476,0.48173600616364476,small,4.0,432.1363277435127,432.1363277435127,3.0,R-ICEP,10.0,124.0,,0.2
0.4849229900905012,0.4849229900905012,small,4.0,346.66304338120943,346.66304338120943,0.0,R-ICEP,10.0,124.0,,0.2
0.5305665972706921,0.5305665972706921,small,4.0,386.3212947676407,386.3212947676407,1.0,R-ICEP,10.0,124.0,,0.2
0.4944837136790722,0.4944837136790722,small,4.0,416.040252480723,416.040252480723,2.0,R-ICEP,10.0,124.0,,0.2
0.5863391463737495,0.5863391463737495,small,3.0,416.040252480723,416.040252480723,3.0,R-ICEP,5.0,124.0,,0.6
0.5630849489197426,0.5579198952384492,small,3.0,276.7540369542827,406.3351486577875,0.0,R-ICEP,5.0,124.0,,0.6
0.6348313825874046,0.6216901202570109,small,3.0,386.3212947676408,499.14848821777616,1.0,R-ICEP,5.0,124.0,,0.6
0.6277146459976912,0.6188961622308862,small,3.0,390.7099934728972,473.94688057267945,2.0,R-ICEP,5.0,124.0,,0.6
0.40466315289956495,0.40466315289956495,small,3.0,339.48377882694405,339.48377882694405,3.0,R-ICEP,5.0,123.0,,0.6
0.37966964843505646,0.38467092640960293,small,3.0,240.75021100333,304.60190920780457,0.0,R-ICEP,5.0,123.0,,0.6
0.38930360552848986,0.3926155462068362,small,3.0,276.17744385938823,357.715883559395,1.0,R-ICEP,5.0,123.0,,0.6
0.35703396503140955,0.36755499339840236,small,3.0,321.68249450355273,385.3244130992877,2.0,R-ICEP,5.0,123.0,,0.6
0.6006763797814221,0.6006763797814221,small,3.0,286.5679305152645,286.5679305152645,3.0,R-ICEP,10.0,127.0,,0.4
0.5900330004667955,0.5771101898237267,small,3.0,235.05379036686705,347.8809838170024,0.0,R-ICEP,10.0,127.0,,0.4
0.6065489225417757,0.5866461767912566,small,3.0,281.4807253715277,347.8809838170024,1.0,R-ICEP,10.0,127.0,,0.4
0.6085721817836409,0.5886694360331218,small,3.0,284.53958505501777,347.8809838170024,2.0,R-ICEP,10.0,127.0,,0.4
0.25149728568183616,0.25149728568183616,small,4.0,578.1803553397608,578.1803553397608,3.0,R-ICEP,3.0,127.0,,0.4
0.25796890017180424,0.27220550086452844,small,4.0,439.89842432147947,507.1781878760771,0.0,R-ICEP,3.0,127.0,,0.4
0.2446229351609322,0.2600738786914,small,4.0,567.9368114729798,583.5815793794034,1.0,R-ICEP,3.0,127.0,,0.4
0.24795542756665143,0.2614082816558421,small,4.0,567.9368114729798,648.6123910624497,2.0,R-ICEP,3.0,127.0,,0.4
0.4143698440386664,0.4143698440386664,small,4.0,460.0101291777235,460.0101291777235,3.0,R-ICEP,10.0,126.0,,0.6
0.3749753856291265,0.3841937727510915,small,4.0,283.34518841259745,338.8539877663262,0.0,R-ICEP,10.0,126.0,,0.6
0.3850555790799237,0.3899515311820065,small,4.0,362.337627558337,425.979546154072,1.0,R-ICEP,10.0,126.0,,0.6
0.37638209540402534,0.3839837143644905,small,4.0,426.7325150430308,449.9632133633757,2.0,R-ICEP,10.0,126.0,,0.6
0.2877437359896766,0.2877437359896766,small,4.0,477.2367629598833,477.2367629598833,3.0,R-ICEP,5.0,127.0,,0.6
0.28716923386502524,0.30211715019374247,small,4.0,342.2393489684304,409.51911252302807,0.0,R-ICEP,5.0,127.0,,0.6
0.25649153876919717,0.2707281394619213,small,4.0,439.89842432147947,507.1781878760771,1.0,R-ICEP,5.0,127.0,,0.6
0.26968015778227544,0.28529796967604376,small,4.0,439.89842432147947,519.8045610355647,2.0,R-ICEP,5.0,127.0,,0.6
0.35973530354233185,0.35973530354233185,small,2.0,250.29701883320905,250.29701883320905,3.0,R-ICEP,10.0,124.0,,0.4
0.31300633233570385,0.31300633233570385,small,2.0,192.50724631622737,192.50724631622737,0.0,R-ICEP,10.0,124.0,,0.4
0.3134920249295622,0.3134920249295622,small,2.0,220.27839676528865,220.27839676528865,1.0,R-ICEP,10.0,124.0,,0.4
0.31120539871601827,0.31120539871601827,small,2.0,227.659226593832,227.659226593832,2.0,R-ICEP,10.0,124.0,,0.4
0.24723510121013356,0.24723510121013356,small,2.0,333.72317365460657,333.72317365460657,3.0,R-ICEP,10.0,123.0,,0.4
0.2236816040006997,0.2414357830646237,small,2.0,220.5971466255324,249.3733362309737,0.0,R-ICEP,10.0,123.0,,0.4
0.23114360218081403,0.24898924165396097,small,2.0,312.56469528599087,387.8262806791765,1.0,R-ICEP,10.0,123.0,,0.4
0.24737719061361366,0.2631828705775087,small,2.0,333.72317365460657,373.081978859736,2.0,R-ICEP,10.0,123.0,,0.4
0.45386106977432705,0.45386106977432705,small,2.0,195.48546325493064,195.48546325493064,3.0,R-ICEP,5.0,127.0,,0.2
0.4396093430784852,0.4377102126055482,small,2.0,171.63695489602193,230.14084672653945,0.0,R-ICEP,5.0,127.0,,0.2
0.43658589021336003,0.4449015351210058,small,2.0,195.18643475899492,229.98422350213437,1.0,R-ICEP,5.0,127.0,,0.2
0.4610998674489156,0.4610998674489156,small,2.0,197.15808929874828,197.15808929874828,2.0,R-ICEP,5.0,127.0,,0.2
0.4173187193927734,0.4093962006235679,small,3.0,323.52385040643105,410.30496197694447,3.0,R-ICEP,3.0,125.0,,0.6
0.3236813110042442,0.3344605709908308,small,3.0,270.0865033662814,336.4904183797239,0.0,R-ICEP,3.0,125.0,,0.6
0.40175261953212765,0.396331007483208,small,3.0,315.7772512444162,382.1811662578587,1.0,R-ICEP,3.0,125.0,,0.6
0.4061092330008057,0.40068762095188604,small,3.0,315.7772512444162,382.1811662578587,2.0,R-ICEP,3.0,125.0,,0.6
0.39522797993182773,0.39522797993182773,small,3.0,382.18116625785865,382.18116625785865,3.0,R-ICEP,5.0,125.0,,0.4
0.37371185569948995,0.3748749558567547,small,3.0,303.458806907788,389.7641900512714,0.0,R-ICEP,5.0,125.0,,0.4
0.37644643953004286,0.37644643953004286,small,3.0,346.66304338120943,346.66304338120943,1.0,R-ICEP,5.0,125.0,,0.4
0.42103396942345855,0.42103396942345855,small,3.0,372.6186607668818,372.6186607668818,2.0,R-ICEP,5.0,125.0,,0.4
0.3928182376119714,0.3961727038898803,small,4.0,375.4933833279586,437.922534212322,3.0,R-ICEP,3.0,126.0,,0.6
0.3849913066810101,0.3865621134840821,small,4.0,276.17744385938823,337.5320898845761,0.0,R-ICEP,3.0,126.0,,0.6
0.40403393175391394,0.412341565664044,small,4.0,333.72317365460657,421.3487594596453,1.0,R-ICEP,3.0,126.0,,0.6
0.36935034329949945,0.380415984783126,small,4.0,376.2075638477816,424.6743726459326,2.0,R-ICEP,3.0,126.0,,0.6
0.24308348994316004,0.24308348994316004,small,2.0,216.23373949614063,216.23373949614063,3.0,R-ICEP,3.0,126.0,,0.2
0.24302132846885716,0.241037337048923,small,2.0,216.23373949614063,345.04156952302566,0.0,R-ICEP,3.0,126.0,,0.2
0.24774338484073272,0.25605902974837846,small,2.0,217.15342376430456,229.98422350213437,1.0,R-ICEP,3.0,126.0,,0.2
0.24774338484073272,0.24774338484073272,small,2.0,217.15342376430456,217.15342376430456,2.0,R-ICEP,3.0,126.0,,0.2
0.40946836772363,0.40946836772363,small,4.0,418.2363614491869,418.2363614491869,3.0,R-ICEP,5.0,126.0,,0.4
0.38916078446290336,0.40086980974855013,small,4.0,294.9641128437244,345.8282520493302,0.0,R-ICEP,5.0,126.0,,0.4
0.3874991469628199,0.393156586788046,small,4.0,343.50325514102786,385.9020262054785,1.0,R-ICEP,5.0,126.0,,0.4
0.4353353744893272,0.4353353744893272,small,4.0,386.3212947676408,386.3212947676408,2.0,R-ICEP,5.0,126.0,,0.4
0.3783909536646523,0.3783909536646523,small,3.0,308.1217971656443,308.1217971656443,3.0,R-ICEP,5.0,123.0,,0.4
0.370941436646505,0.3878549962479904,small,3.0,253.86472051403723,315.9794856187313,0.0,R-ICEP,5.0,123.0,,0.4
0.37232389530199433,0.38687172458338653,small,3.0,274.9595854138328,324.04926233533774,1.0,R-ICEP,5.0,123.0,,0.4
0.3580697290023397,0.37049251635450675,small,3.0,293.426567171193,346.78105865022127,2.0,R-ICEP,5.0,123.0,,0.4
0.5377923979230034,0.5377923979230034,small,3.0,332.25867839339924,332.25867839339924,3.0,R-ICEP,5.0,124.0,,0.4
0.5311170658228848,0.529096717775111,small,3.0,253.6377498384929,301.6985782621145,0.0,R-ICEP,5.0,124.0,,0.4
0.5835615108726567,0.5873644900568066,small,3.0,299.3284977166277,341.70880360057805,1.0,R-ICEP,5.0,124.0,,0.4
0.5473544674925662,0.5386059952620141,small,3.0,330.044990364126,402.398600343844,2.0,R-ICEP,5.0,124.0,,0.4
0.37230159713972416,0.37230159713972416,small,3.0,305.1000270527574,305.1000270527574,3.0,R-ICEP,3.0,123.0,,0.6
0.36562425172334184,0.37301006280355536,small,3.0,225.4374269929989,303.458806907788,0.0,R-ICEP,3.0,123.0,,0.6
0.3776228381216959,0.3778506242208162,small,3.0,259.95283283452204,322.67937617190574,1.0,R-ICEP,3.0,123.0,,0.6
0.3548149488926323,0.367203477521251,small,3.0,291.84134200644144,344.60137404868783,2.0,R-ICEP,3.0,123.0,,0.6
0.5627673584180535,0.5627673584180535,small,3.0,311.860037169979,311.860037169979,3.0,R-ICEP,3.0,124.0,,0.6
0.5294988760909496,0.5282707245447018,small,3.0,228.11661543576656,322.9575519364363,0.0,R-ICEP,3.0,124.0,,0.6
0.5594506444431242,0.5391982704104665,small,3.0,281.4807253715277,372.3944780947538,1.0,R-ICEP,3.0,124.0,,0.6
0.5828799431810556,0.5659069970049541,small,3.0,286.7765957162526,398.5830326861345,2.0,R-ICEP,3.0,124.0,,0.6
0.23831485130300778,0.23831485130300778,small,4.0,514.9889962847437,514.9889962847437,3.0,R-ICEP,5.0,127.0,,0.4
0.2660647564933071,0.28115995541361877,small,4.0,378.96861029943335,467.1375500972775,0.0,R-ICEP,5.0,127.0,,0.4
0.2335949064036753,0.24545717219549784,small,4.0,483.47390404064856,610.9344879511316,1.0,R-ICEP,5.0,127.0,,0.4
0.22715798137428478,0.23663869372621474,small,4.0,509.5652440004466,536.7540210691452,2.0,R-ICEP,5.0,127.0,,0.4
0.4877760748736458,0.4877760748736458,small,2.0,195.48546325493064,195.48546325493064,3.0,R-ICEP,3.0,127.0,,0.2
0.44635938534191605,0.4588527093690816,small,2.0,174.42097585052338,259.61210679639885,0.0,R-ICEP,3.0,127.0,,0.2
0.4877760748736459,0.4768935359637103,small,2.0,195.4854632549307,259.0374575761707,1.0,R-ICEP,3.0,127.0,,0.2
0.48513587335926667,0.46822178745816484,small,2.0,195.4854632549307,284.2390652212674,2.0,R-ICEP,3.0,127.0,,0.2
0.33767953427620845,0.32870191795618736,small,4.0,222.11392064026413,388.57161909182895,3.0,R-ICEP,3.0,127.0,,0.6
0.3027067071090447,0.32527761223178453,small,4.0,246.09758784956784,358.9247812997032,0.0,R-ICEP,3.0,127.0,,0.6
0.33724472601878114,0.33965991187923283,small,4.0,213.5857220834764,284.53958505501777,1.0,R-ICEP,3.0,127.0,,0.6
0.3309970333358483,0.31814720393812423,small,4.0,217.4848270590544,305.6537668568985,2.0,R-ICEP,3.0,127.0,,0.6
0.3669344873104314,0.3669344873104314,small,3.0,298.52812793261137,298.52812793261137,3.0,R-ICEP,10.0,123.0,,0.2
0.3657326630977444,0.37163273616203185,small,3.0,236.6127690296105,388.57161909182895,0.0,R-ICEP,10.0,123.0,,0.2
0.38343824369041923,0.3925706678358919,small,3.0,244.04972824752892,326.3669339922062,1.0,R-ICEP,10.0,123.0,,0.2
0.35945217822051234,0.3751918074251227,small,3.0,276.17744385938823,329.936970997065,2.0,R-ICEP,10.0,123.0,,0.2
0.3561657047621456,0.3561657047621456,small,2.0,311.8600371699791,311.8600371699791,3.0,R-ICEP,10.0,125.0,,0.6
0.3458667327229312,0.3512124628928503,small,2.0,195.48546325493064,249.4856726407435,0.0,R-ICEP,10.0,125.0,,0.6
0.30069702009410815,0.30127725196841787,small,2.0,270.0865033662814,316.4462298700229,1.0,R-ICEP,10.0,125.0,,0.6
0.33010966631039046,0.33010966631039046,small,2.0,291.84134200644144,291.84134200644144,2.0,R-ICEP,10.0,125.0,,0.6
0.5612619785290481,0.5612619785290481,small,3.0,307.9039825703273,307.9039825703273,3.0,R-ICEP,10.0,124.0,,0.2
0.5503357676859594,0.5365380245480865,small,3.0,253.6377498384929,332.80298042917514,0.0,R-ICEP,10.0,124.0,,0.2
0.5931226695078605,0.5877416622162268,small,3.0,284.53958505501777,346.66304338120943,1.0,R-ICEP,10.0,124.0,,0.2
0.5676127630217842,0.5676127630217842,small,3.0,304.32237561812696,304.32237561812696,2.0,R-ICEP,10.0,124.0,,0.2
0.35609548083154186,0.35609548083154186,small,3.0,322.6793761719057,322.6793761719057,3.0,R-ICEP,5.0,126.0,,0.2
0.3708402180781497,0.3826242583340852,small,3.0,270.0865033662814,323.89731660769866,0.0,R-ICEP,5.0,126.0,,0.2
0.33320251359305836,0.34277060831148354,small,3.0,304.32237561812696,362.1471539505622,1.0,R-ICEP,5.0,126.0,,0.2
0.39436176701329645,0.39436176701329645,small,3.0,315.2572005273007,315.2572005273007,2.0,R-ICEP,5.0,126.0,,0.2
0.2596927787415096,0.2596927787415096,small,4.0,573.2071625961815,573.2071625961815,3.0,R-ICEP,10.0,127.0,,0.4
0.25340470127207737,0.2576312649819247,small,4.0,391.71899135655485,428.6551714025376,0.0,R-ICEP,10.0,127.0,,0.4
0.24055042696407236,0.24086839971352408,small,4.0,535.7097609034538,590.7284746008141,1.0,R-ICEP,10.0,127.0,,0.4
0.2490646167299882,0.2490646167299882,small,4.0,558.8072546574102,558.8072546574102,2.0,R-ICEP,10.0,127.0,,0.4
0.4696414521622988,0.4696414521622988,small,2.0,207.33852703868573,207.33852703868573,3.0,R-ICEP,10.0,127.0,,0.2
0.44632481307273375,0.44632481307273375,small,2.0,171.63695489602193,171.63695489602193,0.0,R-ICEP,10.0,127.0,,0.2
0.4354123780945745,0.4354123780945745,small,2.0,195.1864347589949,195.1864347589949,1.0,R-ICEP,10.0,127.0,,0.2
0.46902029728161443,0.46902029728161443,small,2.0,207.33852703868573,207.33852703868573,2.0,R-ICEP,10.0,127.0,,0.2
0.41529131546269704,0.41529131546269704,small,3.0,482.98414924224494,482.98414924224494,3.0,R-ICEP,10.0,126.0,,0.6
0.38883551741114397,0.39087933525414387,small,3.0,274.9595854138328,338.3539603490333,0.0,R-ICEP,10.0,126.0,,0.6
0.3017288185128867,0.3113131501996319,small,3.0,403.4026373823609,446.4195642791744,1.0,R-ICEP,10.0,126.0,,0.6
0.4198879369307452,0.4198879369307452,small,3.0,469.2982484066089,469.2982484066089,2.0,R-ICEP,10.0,126.0,,0.6
0.34429446085521737,0.35928549432943646,small,2.0,246.09758784956784,283.8887420724969,3.0,R-ICEP,3.0,125.0,,0.4
0.31712668673263017,0.33436875789087195,small,2.0,192.50724631622737,240.7502110033301,0.0,R-ICEP,3.0,125.0,,0.4
0.31396886865100965,0.32869548432443385,small,2.0,216.23373949614063,252.0002329005776,1.0,R-ICEP,3.0,125.0,,0.4
0.31452139308829175,0.33316769184514644,small,2.0,236.6127690296105,286.7765957162526,2.0,R-ICEP,3.0,125.0,,0.4
0.3338181848126841,0.3338181848126841,small,4.0,448.58508127130114,448.58508127130114,3.0,R-ICEP,5.0,125.0,,0.2
0.3145116614472948,0.3145116614472948,small,4.0,363.7668908965463,363.7668908965463,0.0,R-ICEP,5.0,125.0,,0.2
0.3060863300531979,0.3060863300531979,small,4.0,421.1829257594801,421.1829257594801,1.0,R-ICEP,5.0,125.0,,0.2
0.34158844336782185,0.34158844336782185,small,4.0,434.28862918624816,434.28862918624816,2.0,R-ICEP,5.0,125.0,,0.2
0.3900389508270794,0.3900389508270794,small,2.0,262.7652268095283,262.7652268095283,3.0,R-ICEP,5.0,125.0,,0.6
0.32643107978379515,0.32848971101478713,small,2.0,177.30051006078375,206.30948502244271,0.0,R-ICEP,5.0,125.0,,0.6
0.29616924069937367,0.3029135048757237,small,2.0,220.27839676528865,248.7876769421521,1.0,R-ICEP,5.0,125.0,,0.6
0.3303446894473049,0.3303446894473049,small,2.0,246.09758784956784,246.09758784956784,2.0,R-ICEP,5.0,125.0,,0.6
0.4181748240668238,0.4181748240668238,small,4.0,397.994881989956,397.994881989956,3.0,R-ICEP,10.0,126.0,,0.4
0.3839788194824677,0.38630578865836523,small,4.0,285.75583923599913,345.79040339141005,0.0,R-ICEP,10.0,126.0,,0.4
0.4034178906867261,0.40640791361946504,small,4.0,328.440090857669,389.0560092181654,1.0,R-ICEP,10.0,126.0,,0.4
0.45180237222873726,0.45180237222873726,small,4.0,369.42059905649546,369.42059905649546,2.0,R-ICEP,10.0,126.0,,0.4
0.6307694491703204,0.6307694491703204,small,3.0,298.695708962602,298.695708962602,3.0,R-ICEP,5.0,127.0,,0.2
0.5898225538868203,0.5679781992829488,small,3.0,253.6377498384929,322.67937617190574,0.0,R-ICEP,5.0,127.0,,0.2
0.6307694491703204,0.6004207847308587,small,3.0,298.695708962602,411.5229024127374,1.0,R-ICEP,5.0,127.0,,0.2
0.6307694491703204,0.6109937013314474,small,3.0,298.695708962602,411.5229024127374,2.0,R-ICEP,5.0,127.0,,0.2
0.3638715152423453,0.3638715152423453,small,3.0,348.7074319211877,348.7074319211877,3.0,R-ICEP,10.0,125.0,,0.2
0.33478449050906106,0.3237580525775391,small,3.0,281.264551179187,453.6024307748753,0.0,R-ICEP,10.0,125.0,,0.2
0.31331317762885347,0.31331317762885347,small,3.0,333.72317365460657,333.72317365460657,1.0,R-ICEP,10.0,125.0,,0.2
0.37411693929705525,0.37411693929705525,small,3.0,348.7074319211877,348.7074319211877,2.0,R-ICEP,10.0,125.0,,0.2
0.2315008547184881,0.2315008547184881,small,2.0,372.6186607668818,372.6186607668818,3.0,R-ICEP,10.0,123.0,,0.6
0.22309478235823538,0.22607241938583056,small,2.0,217.15342376430456,303.458806907788,0.0,R-ICEP,10.0,123.0,,0.6
0.2137828674982735,0.21770502137904407,small,2.0,346.66304338120943,401.25246652082336,1.0,R-ICEP,10.0,123.0,,0.6
0.22725280207984772,0.22725280207984772,small,2.0,358.2452570198839,358.2452570198839,2.0,R-ICEP,10.0,123.0,,0.6
0.35749056460692186,0.35749056460692186,small,2.0,323.52385040643105,323.52385040643105,3.0,R-ICEP,10.0,124.0,,0.6
0.31840929271983465,0.31840929271983465,small,2.0,207.33852703868573,207.33852703868573,0.0,R-ICEP,10.0,124.0,,0.6
0.34210327005414604,0.34210327005414604,small,2.0,274.9595854138328,274.9595854138328,1.0,R-ICEP,10.0,124.0,,0.6
0.3323592885094904,0.3323592885094904,small,2.0,303.6152352524101,303.6152352524101,2.0,R-ICEP,10.0,124.0,,0.6
0.37145633996406074,0.37145633996406074,small,4.0,470.27773611993086,470.27773611993086,3.0,R-ICEP,5.0,123.0,,0.2
0.3234436036921846,0.3234436036921846,small,4.0,402.8943333931664,402.8943333931664,0.0,R-ICEP,5.0,123.0,,0.2
0.33057884997323167,0.33057884997323167,small,4.0,445.37252531287584,445.37252531287584,1.0,R-ICEP,5.0,123.0,,0.2
0.36324117483247903,0.36324117483247903,small,4.0,470.27773611993086,470.27773611993086,2.0,R-ICEP,5.0,123.0,,0.2
0.34538522173170555,0.34538522173170555,small,2.0,274.9595854138328,274.9595854138328,3.0,R-ICEP,5.0,124.0,,0.6
0.33747565243923194,0.3366016877230103,small,2.0,192.50724631622737,258.9111613296699,0.0,R-ICEP,5.0,124.0,,0.6
0.3481638732269087,0.34563612410282457,small,2.0,250.29701883320905,355.44588675688686,1.0,R-ICEP,5.0,124.0,,0.6
0.3431155188477263,0.3431155188477263,small,2.0,260.99450433937426,260.99450433937426,2.0,R-ICEP,5.0,124.0,,0.6
0.5044101664046394,0.5044101664046394,small,4.0,391.49132747194926,391.49132747194926,3.0,R-ICEP,5.0,124.0,,0.2
0.47422747357988887,0.4648286161547647,small,4.0,346.66304338120943,459.4902368313448,0.0,R-ICEP,5.0,124.0,,0.2
0.5024105079602932,0.48470832143988696,small,4.0,373.94554757007495,436.5270569260606,1.0,R-ICEP,5.0,124.0,,0.2
0.5263025919824511,0.5212846853126718,small,4.0,386.3212947676407,418.5839152037027,2.0,R-ICEP,5.0,124.0,,0.2
0.23555219944148073,0.23555219944148073,small,2.0,346.66304338120943,346.66304338120943,3.0,R-ICEP,5.0,123.0,,0.6
0.24498831482935807,0.2668595018490542,small,2.0,246.09758784956784,325.96591932563337,0.0,R-ICEP,5.0,123.0,,0.6
0.24011297193309455,0.25800389006777763,small,2.0,333.72317365460657,390.99673100867966,1.0,R-ICEP,5.0,123.0,,0.6
0.23642438688842932,0.2494806478142964,small,2.0,358.2452570198839,373.38142504103786,2.0,R-ICEP,5.0,123.0,,0.6
0.6431994397160995,0.6431994397160995,small,3.0,416.040252480723,416.040252480723,3.0,R-ICEP,10.0,127.0,,0.6
0.5888496927736313,0.5713410224897626,small,3.0,253.6377498384929,347.8809838170024,0.0,R-ICEP,10.0,127.0,,0.6
0.661969084807774,0.6431841007398893,small,3.0,390.7099934728972,475.1648210084724,1.0,R-ICEP,10.0,127.0,,0.6
0.6408401278734122,0.6220629600459189,small,3.0,413.3844639457958,518.6584446031588,2.0,R-ICEP,10.0,127.0,,0.6
0.3269272352288955,0.3269272352288955,small,2.0,210.0180204026481,210.0180204026481,3.0,R-ICEP,3.0,124.0,,0.4
0.30019693126906133,0.3071611744452226,small,2.0,158.47200204452915,271.2991954946645,0.0,R-ICEP,3.0,124.0,,0.4
0.34342753353501915,0.3562269248525066,small,2.0,193.5489178210796,259.01845065229145,1.0,R-ICEP,3.0,124.0,,0.4
0.3269687983172099,0.347700991629995,small,2.0,210.0180204026481,265.0902237178307,2.0,R-ICEP,3.0,124.0,,0.4
0.26909819277360103,0.26909819277360103,small,2.0,258.9111613296699,258.9111613296699,3.0,R-ICEP,10.0,126.0,,0.2
0.24295231152479385,0.24207834680857218,small,2.0,207.33852703868573,258.9111613296699,0.0,R-ICEP,10.0,126.0,,0.2
0.24597495273337006,0.24597495273337006,small,2.0,253.8647205140373,253.8647205140373,1.0,R-ICEP,10.0,126.0,,0.2
0.2635052664281591,0.2635052664281591,small,2.0,258.9111613296699,258.9111613296699,2.0,R-ICEP,10.0,126.0,,0.2
0.2477547789064928,0.2477547789064928,small,2.0,258.9111613296699,258.9111613296699,3.0,R-ICEP,3.0,123.0,,0.4
0.21906691925781324,0.2285121185119045,small,2.0,213.5857220834764,315.77725124441616,0.0,R-ICEP,3.0,123.0,,0.4
0.21682795472220134,0.23809578955569366,small,2.0,258.9111613296699,311.8600371699791,1.0,R-ICEP,3.0,123.0,,0.4
0.23905169152572364,0.26031952635921596,small,2.0,258.9111613296699,311.8600371699791,2.0,R-ICEP,3.0,123.0,,0.4
