avg_util_per_alg,avg_util_true,dataset,demand_capacity_ratio,evac_time_per_alg,evac_time_true,gamma_setting,id,model,number_updates,random_seed,update_interval,variance_factor
0.5306605680226981,0.5306605680226981,small,3.0,298.695708962602,298.695708962602,,RH-ICEP_0.6_30.0_5.0_124.0_None,RH-ICEP,5.0,124.0,30.0,0.6
0.38329910731484096,0.38329910731484096,small,2.0,238.19799419436208,238.19799419436208,,RH-ICEP_0.2_60.0_3.0_125.0_None,RH-ICEP,3.0,125.0,60.0,0.2
0.3876155646325651,0.3876155646325651,small,3.0,271.57134437018334,271.57134437018334,,RH-ICEP_0.6_30.0_5.0_123.0_None,RH-ICEP,5.0,123.0,30.0,0.6
0.3439250378391362,0.3439250378391362,small,4.0,369.4205990564955,369.4205990564955,,RH-ICEP_0.6_60.0_3.0_125.0_None,RH-ICEP,3.0,125.0,60.0,0.6
0.2582916334838499,0.2582916334838499,small,2.0,246.09758784956787,246.09758784956787,,RH-ICEP_0.4_15.0_5.0_126.0_None,RH-ICEP,5.0,126.0,15.0,0.4
0.5224934559516743,0.5224934559516743,small,3.0,253.6377498384929,253.6377498384929,,RH-ICEP_0.4_30.0_3.0_124.0_None,RH-ICEP,3.0,124.0,30.0,0.4
0.4078529100183653,0.4078529100183653,small,4.0,304.6019092078046,304.6019092078046,,RH-ICEP_0.2_15.0_3.0_126.0_None,RH-ICEP,3.0,126.0,15.0,0.2
0.39817339993697354,0.39817339993697354,small,3.0,252.4767034347425,252.4767034347425,,RH-ICEP_0.4_30.0_3.0_123.0_None,RH-ICEP,3.0,123.0,30.0,0.4
0.22766744359577978,0.22766744359577978,small,2.0,232.5401346837824,232.5401346837824,,RH-ICEP_0.6_15.0_3.0_126.0_None,RH-ICEP,3.0,126.0,15.0,0.6
0.32420991641149977,0.32420991641149977,small,4.0,416.15301843948254,416.15301843948254,,RH-ICEP_0.4_60.0_5.0_125.0_None,RH-ICEP,5.0,125.0,60.0,0.4
0.2690187074180157,0.2690187074180157,small,4.0,402.8943333931665,402.8943333931665,,RH-ICEP_0.6_30.0_5.0_127.0_None,RH-ICEP,5.0,127.0,30.0,0.6
0.3762847481181365,0.3762847481181365,small,3.0,326.36693399220627,326.36693399220627,,RH-ICEP_0.6_60.0_3.0_126.0_None,RH-ICEP,3.0,126.0,60.0,0.6
0.4581907209072112,0.4581907209072112,small,2.0,207.9470019603582,207.9470019603582,,RH-ICEP_0.2_30.0_5.0_127.0_None,RH-ICEP,5.0,127.0,30.0,0.2
0.33417185302998226,0.33417185302998226,small,3.0,303.01668404305303,303.01668404305303,,RH-ICEP_0.2_15.0_3.0_125.0_None,RH-ICEP,3.0,125.0,15.0,0.2
0.2778152965747521,0.2778152965747521,small,4.0,388.3761729719767,388.3761729719767,,RH-ICEP_0.4_30.0_3.0_127.0_None,RH-ICEP,3.0,127.0,30.0,0.4
0.33689071914388735,0.33689071914388735,small,3.0,386.3053831434835,386.3053831434835,,RH-ICEP_0.4_60.0_5.0_126.0_None,RH-ICEP,5.0,126.0,60.0,0.4
0.44508370708932044,0.44508370708932044,small,2.0,174.8074052255251,174.8074052255251,,RH-ICEP_0.6_15.0_3.0_127.0_None,RH-ICEP,3.0,127.0,15.0,0.6
0.46653590749121243,0.46653590749121243,small,4.0,386.3212947676407,386.3212947676407,,RH-ICEP_0.4_60.0_5.0_124.0_None,RH-ICEP,5.0,124.0,60.0,0.4
0.2681411977274876,0.2681411977274876,small,4.0,378.96861029943335,378.96861029943335,,RH-ICEP_0.2_15.0_3.0_127.0_None,RH-ICEP,3.0,127.0,15.0,0.2
0.3139170254826436,0.3139170254826436,small,3.0,311.860037169979,311.860037169979,,RH-ICEP_0.4_30.0_3.0_125.0_None,RH-ICEP,3.0,125.0,30.0,0.4
0.31287380570057716,0.31287380570057716,small,4.0,433.0864417937047,433.0864417937047,,RH-ICEP_0.4_60.0_5.0_123.0_None,RH-ICEP,5.0,123.0,60.0,0.4
0.21250604327345632,0.21250604327345632,small,2.0,274.9782020967398,274.9782020967398,,RH-ICEP_0.2_60.0_3.0_123.0_None,RH-ICEP,3.0,123.0,60.0,0.2
0.44980186912956077,0.44980186912956077,small,4.0,374.1613853188862,374.1613853188862,,RH-ICEP_0.6_60.0_3.0_124.0_None,RH-ICEP,3.0,124.0,60.0,0.6
0.43327726289676194,0.43327726289676194,small,2.0,183.354859829382,183.354859829382,,RH-ICEP_0.4_15.0_5.0_127.0_None,RH-ICEP,5.0,127.0,15.0,0.4
0.3318475781583409,0.3318475781583409,small,2.0,207.33852703868573,207.33852703868573,,RH-ICEP_0.2_60.0_3.0_124.0_None,RH-ICEP,3.0,124.0,60.0,0.2
0.3538433607135949,0.3538433607135949,small,3.0,369.4959688944366,369.4959688944366,,RH-ICEP_0.6_30.0_5.0_125.0_None,RH-ICEP,5.0,125.0,30.0,0.6
0.3232801912356128,0.3232801912356128,small,4.0,423.50792266778245,423.50792266778245,,RH-ICEP_0.6_60.0_3.0_123.0_None,RH-ICEP,3.0,123.0,60.0,0.6
0.3881373761969514,0.3881373761969514,small,3.0,269.46367161968897,269.46367161968897,,RH-ICEP_0.2_15.0_3.0_123.0_None,RH-ICEP,3.0,123.0,15.0,0.2
0.42671334436831393,0.42671334436831393,small,3.0,387.3814957562695,387.3814957562695,,RH-ICEP_0.4_60.0_5.0_127.0_None,RH-ICEP,5.0,127.0,60.0,0.4
0.39958830636699033,0.39958830636699033,small,4.0,299.8911052269598,299.8911052269598,,RH-ICEP_0.4_30.0_3.0_126.0_None,RH-ICEP,3.0,126.0,30.0,0.4
0.5169751238478427,0.5169751238478427,small,3.0,258.2959909052044,258.2959909052044,,RH-ICEP_0.2_15.0_3.0_124.0_None,RH-ICEP,3.0,124.0,15.0,0.2
0.2605404317420925,0.2605404317420925,small,2.0,274.9595854138328,274.9595854138328,,RH-ICEP_0.2_30.0_5.0_126.0_None,RH-ICEP,5.0,126.0,30.0,0.2
0.47718852616968094,0.47718852616968094,small,3.0,353.47433499730585,353.47433499730585,,RH-ICEP_0.6_60.0_3.0_127.0_None,RH-ICEP,3.0,127.0,60.0,0.6
0.39298979136210177,0.39298979136210177,small,4.0,316.81892274926844,316.81892274926844,,RH-ICEP_0.6_30.0_5.0_126.0_None,RH-ICEP,5.0,126.0,30.0,0.6
0.21963864426951782,0.21963864426951782,small,2.0,566.3053831434835,566.3053831434835,,RH-ICEP_0.2_60.0_10.0_123.0_None,RH-ICEP,10.0,123.0,60.0,0.2
0.514236407299892,0.514236407299892,small,3.0,340.7548319872432,340.7548319872432,,RH-ICEP_0.6_30.0_10.0_124.0_None,RH-ICEP,10.0,124.0,30.0,0.6
0.33591427239267097,0.33591427239267097,small,4.0,358.79378348872905,358.79378348872905,,RH-ICEP_0.6_15.0_5.0_125.0_None,RH-ICEP,5.0,125.0,15.0,0.6
0.23614090587494546,0.23614090587494546,small,2.0,225.44761313724055,225.44761313724055,,RH-ICEP_0.4_15.0_10.0_126.0_None,RH-ICEP,10.0,126.0,15.0,0.4
0.2658237082520323,0.2658237082520323,small,2.0,259.61210679639885,259.61210679639885,,RH-ICEP_0.4_60.0_3.0_126.0_None,RH-ICEP,3.0,126.0,60.0,0.4
0.2622610450587732,0.2622610450587732,small,3.0,592.3378795956883,592.3378795956883,,RH-ICEP_0.6_60.0_10.0_125.0_None,RH-ICEP,10.0,125.0,60.0,0.6
0.42056801073179495,0.42056801073179495,small,3.0,357.715883559395,357.715883559395,,RH-ICEP_0.6_30.0_10.0_123.0_None,RH-ICEP,10.0,123.0,30.0,0.6
0.21587955758642866,0.21587955758642866,small,2.0,606.4039150134425,606.4039150134425,,RH-ICEP_0.2_60.0_10.0_124.0_None,RH-ICEP,10.0,124.0,60.0,0.2
0.3316201939716067,0.3316201939716067,small,2.0,304.6019092078046,304.6019092078046,,RH-ICEP_0.2_30.0_10.0_125.0_None,RH-ICEP,10.0,125.0,30.0,0.2
0.3616870657423835,0.3616870657423835,small,2.0,214.31708250584504,214.31708250584504,,RH-ICEP_0.2_15.0_5.0_125.0_None,RH-ICEP,5.0,125.0,15.0,0.2
0.5759614751478181,0.5759614751478181,small,3.0,274.7120417532983,274.7120417532983,,RH-ICEP_0.2_30.0_3.0_127.0_None,RH-ICEP,3.0,127.0,30.0,0.2
0.268484795316975,0.268484795316975,small,2.0,386.3053831434835,386.3053831434835,,RH-ICEP_0.6_60.0_5.0_126.0_None,RH-ICEP,5.0,126.0,60.0,0.6
0.31214408266059257,0.31214408266059257,small,4.0,365.4755966059533,365.4755966059533,,RH-ICEP_0.4_15.0_3.0_125.0_None,RH-ICEP,3.0,125.0,15.0,0.4
0.31012214934087534,0.31012214934087534,small,4.0,402.8943333931665,402.8943333931665,,RH-ICEP_0.6_15.0_10.0_123.0_None,RH-ICEP,10.0,123.0,15.0,0.6
0.4371009453309898,0.4371009453309898,small,4.0,367.3922535962489,367.3922535962489,,RH-ICEP_0.6_15.0_10.0_124.0_None,RH-ICEP,10.0,124.0,15.0,0.6
0.3983319476913339,0.3983319476913339,small,4.0,412.8271934501354,412.8271934501354,,RH-ICEP_0.2_60.0_5.0_126.0_None,RH-ICEP,5.0,126.0,60.0,0.2
0.3832395437335151,0.3832395437335151,small,3.0,282.30351690774523,282.30351690774523,,RH-ICEP_0.6_15.0_5.0_126.0_None,RH-ICEP,5.0,126.0,15.0,0.6
0.5151347060242362,0.5151347060242362,small,3.0,592.0946628915773,592.0946628915773,,RH-ICEP_0.2_60.0_10.0_127.0_None,RH-ICEP,10.0,127.0,60.0,0.2
0.3583998144444078,0.3583998144444078,small,3.0,367.65907535304905,367.65907535304905,,RH-ICEP_0.2_30.0_10.0_126.0_None,RH-ICEP,10.0,126.0,30.0,0.2
0.25040090342478943,0.25040090342478943,small,2.0,259.0374575761708,259.0374575761708,,RH-ICEP_0.4_30.0_5.0_123.0_None,RH-ICEP,5.0,123.0,30.0,0.4
0.47084631306595914,0.47084631306595914,small,2.0,327.3814957562695,327.3814957562695,,RH-ICEP_0.6_30.0_10.0_127.0_None,RH-ICEP,10.0,127.0,30.0,0.6
0.3445445719425896,0.3445445719425896,small,3.0,343.7820735204348,343.7820735204348,,RH-ICEP_0.4_15.0_10.0_125.0_None,RH-ICEP,10.0,125.0,15.0,0.4
0.2882485320181814,0.2882485320181814,small,2.0,540.4534543622367,540.4534543622367,,RH-ICEP_0.6_60.0_10.0_126.0_None,RH-ICEP,10.0,126.0,60.0,0.6
0.3289602820185481,0.3289602820185481,small,2.0,228.1897719616844,228.1897719616844,,RH-ICEP_0.4_30.0_5.0_124.0_None,RH-ICEP,5.0,124.0,30.0,0.4
0.37492095314264917,0.37492095314264917,small,3.0,283.9203153610236,283.9203153610236,,RH-ICEP_0.4_15.0_3.0_126.0_None,RH-ICEP,3.0,126.0,15.0,0.4
0.4705920121079933,0.4705920121079933,small,4.0,347.8809838170024,347.8809838170024,,RH-ICEP_0.2_30.0_3.0_124.0_None,RH-ICEP,3.0,124.0,30.0,0.2
0.30231879597928285,0.30231879597928285,small,4.0,432.4230652792952,432.4230652792952,,RH-ICEP_0.4_30.0_10.0_125.0_None,RH-ICEP,10.0,125.0,30.0,0.4
0.22597652827945666,0.22597652827945666,small,2.0,257.7868114038378,257.7868114038378,,RH-ICEP_0.6_30.0_3.0_123.0_None,RH-ICEP,3.0,123.0,30.0,0.6
0.4916790597245626,0.4916790597245626,small,4.0,562.790406813511,562.790406813511,,RH-ICEP_0.4_60.0_10.0_124.0_None,RH-ICEP,10.0,124.0,60.0,0.4
0.31559373338403046,0.31559373338403046,small,4.0,402.8943333931665,402.8943333931665,,RH-ICEP_0.2_30.0_3.0_123.0_None,RH-ICEP,3.0,123.0,30.0,0.2
0.3498575937857116,0.3498575937857116,small,3.0,389.7641900512715,389.7641900512715,,RH-ICEP_0.2_60.0_5.0_125.0_None,RH-ICEP,5.0,125.0,60.0,0.2
0.3921948083143913,0.3921948083143913,small,4.0,323.52385040643105,323.52385040643105,,RH-ICEP_0.2_15.0_10.0_126.0_None,RH-ICEP,10.0,126.0,15.0,0.2
0.31531204260445744,0.31531204260445744,small,4.0,593.1654341271296,593.1654341271296,,RH-ICEP_0.4_60.0_10.0_123.0_None,RH-ICEP,10.0,123.0,60.0,0.4
0.32157301570184665,0.32157301570184665,small,2.0,210.01802040264812,210.01802040264812,,RH-ICEP_0.6_30.0_3.0_124.0_None,RH-ICEP,3.0,124.0,30.0,0.6
0.3105656021247108,0.3105656021247108,small,4.0,401.5625836707842,401.5625836707842,,RH-ICEP_0.4_15.0_3.0_123.0_None,RH-ICEP,3.0,123.0,15.0,0.4
0.27562242044772717,0.27562242044772717,small,4.0,421.34875945964535,421.34875945964535,,RH-ICEP_0.2_60.0_5.0_127.0_None,RH-ICEP,5.0,127.0,60.0,0.2
0.3228126843335867,0.3228126843335867,small,4.0,370.4622705613477,370.4622705613477,,RH-ICEP_0.6_15.0_10.0_125.0_None,RH-ICEP,10.0,125.0,15.0,0.6
0.4658657905914909,0.4658657905914909,small,2.0,260.25539801196373,260.25539801196373,,RH-ICEP_0.6_60.0_5.0_127.0_None,RH-ICEP,5.0,127.0,60.0,0.6
0.4766653754125329,0.4766653754125329,small,4.0,346.3999464085609,346.3999464085609,,RH-ICEP_0.4_15.0_3.0_124.0_None,RH-ICEP,3.0,124.0,15.0,0.4
0.36784912514780027,0.36784912514780027,small,3.0,295.0640841091084,295.0640841091084,,RH-ICEP_0.2_30.0_3.0_126.0_None,RH-ICEP,3.0,126.0,30.0,0.2
0.3530693302989055,0.3530693302989055,small,2.0,540.5331325901736,540.5331325901736,,RH-ICEP_0.2_60.0_10.0_125.0_None,RH-ICEP,10.0,125.0,60.0,0.2
0.3182649571335868,0.3182649571335868,small,2.0,276.7540369542827,276.7540369542827,,RH-ICEP_0.2_30.0_10.0_124.0_None,RH-ICEP,10.0,124.0,30.0,0.2
0.3784942132305167,0.3784942132305167,small,3.0,481.0197512543068,481.0197512543068,,RH-ICEP_0.6_60.0_10.0_123.0_None,RH-ICEP,10.0,123.0,60.0,0.6
0.3215019314878242,0.3215019314878242,small,4.0,389.7641900512714,389.7641900512714,,RH-ICEP_0.6_15.0_5.0_123.0_None,RH-ICEP,5.0,123.0,15.0,0.6
0.3118603078337728,0.3118603078337728,small,2.0,195.48546325493064,195.48546325493064,,RH-ICEP_0.2_15.0_5.0_124.0_None,RH-ICEP,5.0,124.0,15.0,0.2
0.47014592825339896,0.47014592825339896,small,2.0,235.05379036686705,235.05379036686705,,RH-ICEP_0.4_15.0_10.0_127.0_None,RH-ICEP,10.0,127.0,15.0,0.4
0.327291947782281,0.327291947782281,small,3.0,374.1613853188861,374.1613853188861,,RH-ICEP_0.6_30.0_10.0_125.0_None,RH-ICEP,10.0,125.0,30.0,0.6
0.4749961240085498,0.4749961240085498,small,4.0,346.66304338120943,346.66304338120943,,RH-ICEP_0.6_15.0_5.0_124.0_None,RH-ICEP,5.0,124.0,15.0,0.6
0.5804545600420117,0.5804545600420117,small,3.0,407.1587470006857,407.1587470006857,,RH-ICEP_0.6_60.0_10.0_124.0_None,RH-ICEP,10.0,124.0,60.0,0.6
0.4856501817754066,0.4856501817754066,small,2.0,286.7765957162526,286.7765957162526,,RH-ICEP_0.4_60.0_3.0_127.0_None,RH-ICEP,3.0,127.0,60.0,0.4
0.2687590606838013,0.2687590606838013,small,2.0,357.7708836651892,357.7708836651892,,RH-ICEP_0.2_30.0_10.0_123.0_None,RH-ICEP,10.0,123.0,30.0,0.2
0.21571359735715095,0.21571359735715095,small,2.0,236.6127690296105,236.6127690296105,,RH-ICEP_0.2_15.0_5.0_123.0_None,RH-ICEP,5.0,123.0,15.0,0.2
0.34692032527206107,0.34692032527206107,small,4.0,470.27773611993086,470.27773611993086,,RH-ICEP_0.4_30.0_10.0_123.0_None,RH-ICEP,10.0,123.0,30.0,0.4
0.32614474872474847,0.32614474872474847,small,2.0,216.23373949614063,216.23373949614063,,RH-ICEP_0.6_30.0_3.0_125.0_None,RH-ICEP,3.0,125.0,30.0,0.6
0.5539593684990087,0.5539593684990087,small,3.0,304.3223756181269,304.3223756181269,,RH-ICEP_0.2_60.0_5.0_124.0_None,RH-ICEP,5.0,124.0,60.0,0.2
0.26499495026337483,0.26499495026337483,small,4.0,389.7641900512715,389.7641900512715,,RH-ICEP_0.2_15.0_10.0_127.0_None,RH-ICEP,10.0,127.0,15.0,0.2
0.32620354376729105,0.32620354376729105,small,4.0,363.5589396156577,363.5589396156577,,RH-ICEP_0.2_30.0_3.0_125.0_None,RH-ICEP,3.0,125.0,30.0,0.2
0.5925315046762959,0.5925315046762959,small,3.0,259.01845065229145,259.01845065229145,,RH-ICEP_0.4_15.0_3.0_127.0_None,RH-ICEP,3.0,127.0,15.0,0.4
0.3633080088164607,0.3633080088164607,small,3.0,301.6985782621145,301.6985782621145,,RH-ICEP_0.2_60.0_5.0_123.0_None,RH-ICEP,5.0,123.0,60.0,0.2
0.44808197422812573,0.44808197422812573,small,4.0,367.3922535962489,367.3922535962489,,RH-ICEP_0.4_30.0_10.0_124.0_None,RH-ICEP,10.0,124.0,30.0,0.4
0.33339601351635867,0.33339601351635867,small,4.0,530.3266498463621,530.3266498463621,,RH-ICEP_0.4_60.0_10.0_125.0_None,RH-ICEP,10.0,125.0,60.0,0.4
0.5327893813325997,0.5327893813325997,small,3.0,259.01845065229145,259.01845065229145,,RH-ICEP_0.4_15.0_10.0_124.0_None,RH-ICEP,10.0,124.0,15.0,0.4
0.2809854910826823,0.2809854910826823,small,2.0,336.490418379724,336.490418379724,,RH-ICEP_0.6_30.0_10.0_126.0_None,RH-ICEP,10.0,126.0,30.0,0.6
0.44802797762392255,0.44802797762392255,small,2.0,480.3363939710613,480.3363939710613,,RH-ICEP_0.6_60.0_10.0_127.0_None,RH-ICEP,10.0,127.0,60.0,0.6
0.3715258491427607,0.3715258491427607,small,2.0,236.66776657906823,236.66776657906823,,RH-ICEP_0.4_30.0_5.0_125.0_None,RH-ICEP,5.0,125.0,30.0,0.4
0.3843143896956889,0.3843143896956889,small,3.0,278.0941008496838,278.0941008496838,,RH-ICEP_0.4_15.0_10.0_123.0_None,RH-ICEP,10.0,123.0,15.0,0.4
0.3409034091598605,0.3409034091598605,small,3.0,480.1180721323103,480.1180721323103,,RH-ICEP_0.2_60.0_10.0_126.0_None,RH-ICEP,10.0,126.0,60.0,0.2
0.5597936822486728,0.5597936822486728,small,3.0,275.8417708070788,275.8417708070788,,RH-ICEP_0.6_15.0_5.0_127.0_None,RH-ICEP,5.0,127.0,15.0,0.6
0.5518711878326942,0.5518711878326942,small,3.0,349.5703967380641,349.5703967380641,,RH-ICEP_0.2_30.0_10.0_127.0_None,RH-ICEP,10.0,127.0,30.0,0.2
0.38539013000713523,0.38539013000713523,small,2.0,225.4374269929989,225.4374269929989,,RH-ICEP_0.2_15.0_3.0_125.0_None,RH-ICEP,3.0,125.0,15.0,0.2
0.33084008395568953,0.33084008395568953,small,2.0,304.60190920780457,304.60190920780457,,RH-ICEP_0.4_60.0_5.0_126.0_None,RH-ICEP,5.0,126.0,60.0,0.4
0.31304982420492944,0.31304982420492944,small,4.0,362.74929907087966,362.74929907087966,,RH-ICEP_0.6_15.0_3.0_125.0_None,RH-ICEP,3.0,125.0,15.0,0.6
0.3870495794544401,0.3870495794544401,small,4.0,322.6793761719057,322.6793761719057,,RH-ICEP_0.2_60.0_3.0_126.0_None,RH-ICEP,3.0,126.0,60.0,0.2
0.5691546507043401,0.5691546507043401,small,3.0,285.75583923599913,285.75583923599913,,RH-ICEP_0.2_30.0_5.0_127.0_None,RH-ICEP,5.0,127.0,30.0,0.2
0.3416931262124616,0.3416931262124616,small,4.0,346.66304338120943,346.66304338120943,,RH-ICEP_0.4_15.0_5.0_125.0_None,RH-ICEP,5.0,125.0,15.0,0.4
0.27401657102050314,0.27401657102050314,small,2.0,274.9595854138328,274.9595854138328,,RH-ICEP_0.6_60.0_3.0_126.0_None,RH-ICEP,3.0,126.0,60.0,0.6
0.3394351291624851,0.3394351291624851,small,2.0,212.68704593587745,212.68704593587745,,RH-ICEP_0.4_30.0_3.0_124.0_None,RH-ICEP,3.0,124.0,30.0,0.4
0.3735132507602359,0.3735132507602359,small,3.0,274.9595854138328,274.9595854138328,,RH-ICEP_0.6_15.0_3.0_126.0_None,RH-ICEP,3.0,126.0,15.0,0.6
0.24724175923517983,0.24724175923517983,small,2.0,257.7868114038378,257.7868114038378,,RH-ICEP_0.4_30.0_3.0_123.0_None,RH-ICEP,3.0,123.0,30.0,0.4
0.32472695613210023,0.32472695613210023,small,4.0,404.5406971173376,404.5406971173376,,RH-ICEP_0.2_30.0_5.0_123.0_None,RH-ICEP,5.0,123.0,30.0,0.2
0.3463663979454719,0.3463663979454719,small,3.0,329.5794899506317,329.5794899506317,,RH-ICEP_0.2_60.0_3.0_125.0_None,RH-ICEP,3.0,125.0,60.0,0.2
0.29457969658201016,0.29457969658201016,small,2.0,232.5401346837824,232.5401346837824,,RH-ICEP_0.6_30.0_5.0_124.0_None,RH-ICEP,5.0,124.0,30.0,0.6
0.35350816239503546,0.35350816239503546,small,3.0,300.444784922907,300.444784922907,,RH-ICEP_0.4_15.0_5.0_126.0_None,RH-ICEP,5.0,126.0,15.0,0.4
0.47214525906868365,0.47214525906868365,small,4.0,346.66304338120943,346.66304338120943,,RH-ICEP_0.2_30.0_5.0_124.0_None,RH-ICEP,5.0,124.0,30.0,0.2
0.23417633491932088,0.23417633491932088,small,2.0,246.16078027254835,246.16078027254835,,RH-ICEP_0.6_30.0_5.0_123.0_None,RH-ICEP,5.0,123.0,30.0,0.6
0.4804328503186368,0.4804328503186368,small,4.0,348.76048892612533,348.76048892612533,,RH-ICEP_0.4_15.0_5.0_124.0_None,RH-ICEP,5.0,124.0,15.0,0.4
0.45756754728614907,0.45756754728614907,small,2.0,252.00023290057757,252.00023290057757,,RH-ICEP_0.6_60.0_3.0_127.0_None,RH-ICEP,3.0,127.0,60.0,0.6
0.39970893525669815,0.39970893525669815,small,3.0,315.7772512444162,315.7772512444162,,RH-ICEP_0.2_30.0_5.0_126.0_None,RH-ICEP,5.0,126.0,30.0,0.2
0.29899518395926783,0.29899518395926783,small,4.0,403.9461910422603,403.9461910422603,,RH-ICEP_0.4_15.0_5.0_123.0_None,RH-ICEP,5.0,123.0,15.0,0.4
0.2612033624961946,0.2612033624961946,small,4.0,402.8943333931665,402.8943333931665,,RH-ICEP_0.2_60.0_3.0_127.0_None,RH-ICEP,3.0,127.0,60.0,0.2
0.5186439748203675,0.5186439748203675,small,2.0,262.1889009817946,262.1889009817946,,RH-ICEP_0.4_60.0_5.0_127.0_None,RH-ICEP,5.0,127.0,60.0,0.4
0.45238341477291566,0.45238341477291566,small,4.0,349.57039673806406,349.57039673806406,,RH-ICEP_0.6_15.0_3.0_124.0_None,RH-ICEP,3.0,124.0,15.0,0.6
0.25788172321673375,0.25788172321673375,small,2.0,258.9111613296699,258.9111613296699,,RH-ICEP_0.2_15.0_3.0_123.0_None,RH-ICEP,3.0,123.0,15.0,0.2
0.3209615096468469,0.3209615096468469,small,4.0,392.0173742795424,392.0173742795424,,RH-ICEP_0.6_15.0_3.0_123.0_None,RH-ICEP,3.0,123.0,15.0,0.6
0.30316054014984856,0.30316054014984856,small,2.0,192.50724631622737,192.50724631622737,,RH-ICEP_0.2_15.0_3.0_124.0_None,RH-ICEP,3.0,124.0,15.0,0.2
0.31868589415686105,0.31868589415686105,small,4.0,372.61866076688176,372.61866076688176,,RH-ICEP_0.2_30.0_5.0_125.0_None,RH-ICEP,5.0,125.0,30.0,0.2
0.5769262588251904,0.5769262588251904,small,3.0,259.01845065229145,259.01845065229145,,RH-ICEP_0.4_15.0_5.0_127.0_None,RH-ICEP,5.0,127.0,15.0,0.4
0.37930135506964874,0.37930135506964874,small,3.0,299.1577248929305,299.1577248929305,,RH-ICEP_0.2_60.0_3.0_123.0_None,RH-ICEP,3.0,123.0,60.0,0.2
0.33927627726477017,0.33927627726477017,small,2.0,228.95181738381729,228.95181738381729,,RH-ICEP_0.6_30.0_5.0_125.0_None,RH-ICEP,5.0,125.0,30.0,0.6
0.5415153948960002,0.5415153948960002,small,3.0,281.4807253715277,281.4807253715277,,RH-ICEP_0.2_60.0_3.0_124.0_None,RH-ICEP,3.0,124.0,60.0,0.2
0.5859251988808897,0.5859251988808897,small,3.0,253.6377498384929,253.6377498384929,,RH-ICEP_0.6_15.0_3.0_127.0_None,RH-ICEP,3.0,127.0,15.0,0.6
0.3945203966655475,0.3945203966655475,small,2.0,236.6127690296105,236.6127690296105,,RH-ICEP_0.4_30.0_3.0_125.0_None,RH-ICEP,3.0,125.0,30.0,0.4
0.3163819615134741,0.3163819615134741,small,3.0,315.7772512444162,315.7772512444162,,RH-ICEP_0.6_15.0_10.0_125.0_None,RH-ICEP,10.0,125.0,15.0,0.6
0.47321790349889675,0.47321790349889675,small,2.0,259.0374575761707,259.0374575761707,,RH-ICEP_0.4_30.0_10.0_127.0_None,RH-ICEP,10.0,127.0,30.0,0.4
0.261588243136877,0.261588243136877,small,2.0,540.0899640569573,540.0899640569573,,RH-ICEP_0.4_60.0_10.0_126.0_None,RH-ICEP,10.0,126.0,60.0,0.4
0.25059261519914544,0.25059261519914544,small,2.0,271.1281748711337,271.1281748711337,,RH-ICEP_0.2_15.0_10.0_123.0_None,RH-ICEP,10.0,123.0,15.0,0.2
0.3861409670439572,0.3861409670439572,small,3.0,270.98044563442073,270.98044563442073,,RH-ICEP_0.6_30.0_3.0_123.0_None,RH-ICEP,3.0,123.0,30.0,0.6
0.2502560578364895,0.2502560578364895,small,2.0,217.15342376430456,217.15342376430456,,RH-ICEP_0.4_15.0_3.0_126.0_None,RH-ICEP,3.0,126.0,15.0,0.4
0.311527076941028,0.311527076941028,small,4.0,410.072381206072,410.072381206072,,RH-ICEP_0.6_60.0_5.0_125.0_None,RH-ICEP,5.0,125.0,60.0,0.6
0.48420972309504384,0.48420972309504384,small,3.0,275.8417708070788,275.8417708070788,,RH-ICEP_0.6_30.0_3.0_124.0_None,RH-ICEP,3.0,124.0,30.0,0.6
0.3291475460114893,0.3291475460114893,small,2.0,214.31708250584504,214.31708250584504,,RH-ICEP_0.2_15.0_10.0_124.0_None,RH-ICEP,10.0,124.0,15.0,0.2
0.3140961594132594,0.3140961594132594,small,2.0,300.5433819414024,300.5433819414024,,RH-ICEP_0.2_60.0_5.0_125.0_None,RH-ICEP,5.0,125.0,60.0,0.2
0.3991054877594478,0.3991054877594478,small,3.0,272.11219266462973,272.11219266462973,,RH-ICEP_0.4_30.0_5.0_123.0_None,RH-ICEP,5.0,123.0,30.0,0.4
0.32297507864104824,0.32297507864104824,small,4.0,367.3922535962489,367.3922535962489,,RH-ICEP_0.4_60.0_3.0_125.0_None,RH-ICEP,3.0,125.0,60.0,0.4
0.3199627340455967,0.3199627340455967,small,4.0,603.157936082588,603.157936082588,,RH-ICEP_0.6_60.0_10.0_123.0_None,RH-ICEP,10.0,123.0,60.0,0.6
0.2521577193475359,0.2521577193475359,small,2.0,222.11392064026413,222.11392064026413,,RH-ICEP_0.6_15.0_5.0_126.0_None,RH-ICEP,5.0,126.0,15.0,0.6
0.5486151820748806,0.5486151820748806,small,3.0,275.8417708070788,275.8417708070788,,RH-ICEP_0.4_30.0_5.0_124.0_None,RH-ICEP,5.0,124.0,30.0,0.4
0.39569250962336977,0.39569250962336977,small,4.0,299.8911052269598,299.8911052269598,,RH-ICEP_0.2_15.0_5.0_126.0_None,RH-ICEP,5.0,126.0,15.0,0.2
0.3290596361216043,0.3290596361216043,small,4.0,401.5625836707842,401.5625836707842,,RH-ICEP_0.6_30.0_10.0_125.0_None,RH-ICEP,10.0,125.0,30.0,0.6
0.5511804492347032,0.5511804492347032,small,4.0,580.9790913883696,580.9790913883696,,RH-ICEP_0.6_60.0_10.0_124.0_None,RH-ICEP,10.0,124.0,60.0,0.6
0.35978385325601925,0.35978385325601925,small,3.0,342.2393489684305,342.2393489684305,,RH-ICEP_0.4_30.0_10.0_123.0_None,RH-ICEP,10.0,123.0,30.0,0.4
0.5790130494435097,0.5790130494435097,small,3.0,281.4807253715277,281.4807253715277,,RH-ICEP_0.2_15.0_10.0_127.0_None,RH-ICEP,10.0,127.0,15.0,0.2
0.3765770823304712,0.3765770823304712,small,3.0,391.2104943187756,391.2104943187756,,RH-ICEP_0.6_60.0_5.0_126.0_None,RH-ICEP,5.0,126.0,60.0,0.6
0.40900265403089264,0.40900265403089264,small,2.0,195.186434758995,195.186434758995,,RH-ICEP_0.2_30.0_3.0_127.0_None,RH-ICEP,3.0,127.0,30.0,0.2
0.27375696666575433,0.27375696666575433,small,2.0,281.2645511791869,281.2645511791869,,RH-ICEP_0.6_15.0_10.0_126.0_None,RH-ICEP,10.0,126.0,15.0,0.6
0.2530046834352463,0.2530046834352463,small,4.0,397.3650922503416,397.3650922503416,,RH-ICEP_0.6_30.0_3.0_127.0_None,RH-ICEP,3.0,127.0,30.0,0.6
0.5153802592763189,0.5153802592763189,small,3.0,348.76048892612533,348.76048892612533,,RH-ICEP_0.4_30.0_10.0_124.0_None,RH-ICEP,10.0,124.0,30.0,0.4
0.2953888902330969,0.2953888902330969,small,3.0,542.5012511464906,542.5012511464906,,RH-ICEP_0.4_60.0_10.0_125.0_None,RH-ICEP,10.0,125.0,60.0,0.4
0.351484625028268,0.351484625028268,small,3.0,323.5408074087826,323.5408074087826,,RH-ICEP_0.4_60.0_3.0_126.0_None,RH-ICEP,3.0,126.0,60.0,0.4
0.4944610962303506,0.4944610962303506,small,4.0,348.7074319211878,348.7074319211878,,RH-ICEP_0.4_15.0_10.0_124.0_None,RH-ICEP,10.0,124.0,15.0,0.4
0.2987586671377372,0.2987586671377372,small,3.0,299.8911052269598,299.8911052269598,,RH-ICEP_0.2_15.0_5.0_125.0_None,RH-ICEP,5.0,125.0,15.0,0.2
0.24993340707358785,0.24993340707358785,small,4.0,391.1856238408972,391.1856238408972,,RH-ICEP_0.4_30.0_5.0_127.0_None,RH-ICEP,5.0,127.0,30.0,0.4
0.3191979964806607,0.3191979964806607,small,4.0,402.8943333931665,402.8943333931665,,RH-ICEP_0.4_15.0_10.0_123.0_None,RH-ICEP,10.0,123.0,15.0,0.4
0.4123181482922247,0.4123181482922247,small,4.0,482.8729297211616,482.8729297211616,,RH-ICEP_0.2_60.0_10.0_126.0_None,RH-ICEP,10.0,126.0,60.0,0.2
0.27797528048564735,0.27797528048564735,small,4.0,435.506569622041,435.506569622041,,RH-ICEP_0.2_30.0_10.0_127.0_None,RH-ICEP,10.0,127.0,30.0,0.2
0.26811137479441527,0.26811137479441527,small,4.0,386.3212947676407,386.3212947676407,,RH-ICEP_0.2_15.0_5.0_127.0_None,RH-ICEP,5.0,127.0,15.0,0.2
0.34811493777995506,0.34811493777995506,small,3.0,347.36379420738643,347.36379420738643,,RH-ICEP_0.4_30.0_5.0_125.0_None,RH-ICEP,5.0,125.0,30.0,0.4
0.49118753134931553,0.49118753134931553,small,4.0,375.2702378287664,375.2702378287664,,RH-ICEP_0.6_30.0_10.0_124.0_None,RH-ICEP,10.0,124.0,30.0,0.6
0.3291544645709794,0.3291544645709794,small,4.0,410.30496197694447,410.30496197694447,,RH-ICEP_0.4_60.0_3.0_123.0_None,RH-ICEP,3.0,123.0,60.0,0.4
0.35493820680571847,0.35493820680571847,small,4.0,602.0389092781087,602.0389092781087,,RH-ICEP_0.6_60.0_10.0_125.0_None,RH-ICEP,10.0,125.0,60.0,0.6
0.44302989539556303,0.44302989539556303,small,4.0,374.5282831272401,374.5282831272401,,RH-ICEP_0.4_60.0_3.0_124.0_None,RH-ICEP,3.0,124.0,60.0,0.4
0.29533739976608653,0.29533739976608653,small,4.0,428.9237717850873,428.9237717850873,,RH-ICEP_0.6_30.0_10.0_123.0_None,RH-ICEP,10.0,123.0,30.0,0.6
0.47569708836657554,0.47569708836657554,small,2.0,195.48546325493064,195.48546325493064,,RH-ICEP_0.6_15.0_5.0_127.0_None,RH-ICEP,5.0,127.0,15.0,0.6
0.4014558913370962,0.4014558913370962,small,3.0,270.0865033662815,270.0865033662815,,RH-ICEP_0.6_15.0_10.0_123.0_None,RH-ICEP,10.0,123.0,15.0,0.6
0.3317593933542899,0.3317593933542899,small,2.0,300.5707777009562,300.5707777009562,,RH-ICEP_0.2_60.0_5.0_124.0_None,RH-ICEP,5.0,124.0,60.0,0.2
0.31061689318106056,0.31061689318106056,small,3.0,303.6152352524101,303.6152352524101,,RH-ICEP_0.6_30.0_3.0_125.0_None,RH-ICEP,3.0,125.0,30.0,0.6
0.36221093405239335,0.36221093405239335,small,2.0,238.1979941943621,238.1979941943621,,RH-ICEP_0.2_15.0_10.0_125.0_None,RH-ICEP,10.0,125.0,15.0,0.2
0.3356603753523132,0.3356603753523132,small,4.0,490.00541386608216,490.00541386608216,,RH-ICEP_0.6_60.0_5.0_123.0_None,RH-ICEP,5.0,123.0,60.0,0.6
0.30629788506144806,0.30629788506144806,small,2.0,345.9174899398824,345.9174899398824,,RH-ICEP_0.2_60.0_5.0_123.0_None,RH-ICEP,5.0,123.0,60.0,0.2
0.2637818412984871,0.2637818412984871,small,2.0,345.04156952302566,345.04156952302566,,RH-ICEP_0.4_30.0_10.0_126.0_None,RH-ICEP,10.0,126.0,30.0,0.4
0.5443069534282227,0.5443069534282227,small,3.0,262.18890098179463,262.18890098179463,,RH-ICEP_0.6_15.0_10.0_124.0_None,RH-ICEP,10.0,124.0,15.0,0.6
0.43542826542513335,0.43542826542513335,small,2.0,420.4899773662885,420.4899773662885,,RH-ICEP_0.4_60.0_10.0_127.0_None,RH-ICEP,10.0,127.0,60.0,0.4
0.44632481307273386,0.44632481307273386,small,2.0,171.63695489602193,171.63695489602193,,RH-ICEP_0.4_15.0_3.0_127.0_None,RH-ICEP,3.0,127.0,15.0,0.4
0.44839613810783857,0.44839613810783857,small,4.0,415.1113469346303,415.1113469346303,,RH-ICEP_0.6_60.0_5.0_124.0_None,RH-ICEP,5.0,124.0,60.0,0.6
0.4008723709662346,0.4008723709662346,small,4.0,307.90398257032734,307.90398257032734,,RH-ICEP_0.4_30.0_5.0_126.0_None,RH-ICEP,5.0,126.0,30.0,0.4
0.5311170658228848,0.5311170658228848,small,3.0,253.6377498384929,253.6377498384929,,RH-ICEP_0.2_15.0_5.0_124.0_None,RH-ICEP,5.0,124.0,15.0,0.2
0.2825842553801965,0.2825842553801965,small,4.0,586.1217646671269,586.1217646671269,,RH-ICEP_0.2_60.0_10.0_127.0_None,RH-ICEP,10.0,127.0,60.0,0.2
0.4702989431702802,0.4702989431702802,small,4.0,405.5212300627702,405.5212300627702,,RH-ICEP_0.2_30.0_10.0_126.0_None,RH-ICEP,10.0,126.0,30.0,0.2
0.3983035201540923,0.3983035201540923,small,3.0,244.58027361538137,244.58027361538137,,RH-ICEP_0.2_15.0_5.0_123.0_None,RH-ICEP,5.0,123.0,15.0,0.2
0.31940246852831267,0.31940246852831267,small,4.0,372.61866076688176,372.61866076688176,,RH-ICEP_0.4_15.0_10.0_125.0_None,RH-ICEP,10.0,125.0,15.0,0.4
0.5891978837797225,0.5891978837797225,small,3.0,281.4807253715276,281.4807253715276,,RH-ICEP_0.4_60.0_3.0_127.0_None,RH-ICEP,3.0,127.0,60.0,0.4
0.3079595356344655,0.3079595356344655,small,3.0,395.9834049640741,395.9834049640741,,RH-ICEP_0.4_30.0_10.0_125.0_None,RH-ICEP,10.0,125.0,30.0,0.4
0.4662029845962648,0.4662029845962648,small,2.0,239.2396656992144,239.2396656992144,,RH-ICEP_0.6_15.0_10.0_127.0_None,RH-ICEP,10.0,127.0,15.0,0.6
0.4187330852459543,0.4187330852459543,small,4.0,307.90398257032734,307.90398257032734,,RH-ICEP_0.6_30.0_3.0_126.0_None,RH-ICEP,3.0,126.0,30.0,0.6
0.48287561135211554,0.48287561135211554,small,3.0,543.7659469840542,543.7659469840542,,RH-ICEP_0.4_60.0_10.0_124.0_None,RH-ICEP,10.0,124.0,60.0,0.4
0.38168708803103457,0.38168708803103457,small,3.0,315.2572005273007,315.2572005273007,,RH-ICEP_0.2_15.0_10.0_126.0_None,RH-ICEP,10.0,126.0,15.0,0.2
0.4012746842104393,0.4012746842104393,small,3.0,481.6898729286442,481.6898729286442,,RH-ICEP_0.4_60.0_10.0_123.0_None,RH-ICEP,10.0,123.0,60.0,0.4
0.2313543809570572,0.2313543809570572,small,2.0,225.86477505338203,225.86477505338203,,RH-ICEP_0.2_30.0_3.0_126.0_None,RH-ICEP,3.0,126.0,30.0,0.2
0.5753414509244987,0.5753414509244987,small,3.0,316.1207692376397,316.1207692376397,,RH-ICEP_0.6_60.0_5.0_127.0_None,RH-ICEP,5.0,127.0,60.0,0.6
0.3234436036921847,0.3234436036921847,small,4.0,402.8943333931665,402.8943333931665,,RH-ICEP_0.6_30.0_5.0_123.0_None,RH-ICEP,5.0,123.0,30.0,0.6
0.31760196819193187,0.31760196819193187,small,3.0,315.7772512444162,315.7772512444162,,RH-ICEP_0.6_60.0_3.0_125.0_None,RH-ICEP,3.0,125.0,60.0,0.6
0.34924535457057954,0.34924535457057954,small,2.0,271.29919549466456,271.29919549466456,,RH-ICEP_0.2_30.0_5.0_124.0_None,RH-ICEP,5.0,124.0,30.0,0.2
0.4563856380347894,0.4563856380347894,small,4.0,348.7604889261253,348.7604889261253,,RH-ICEP_0.6_30.0_5.0_124.0_None,RH-ICEP,5.0,124.0,30.0,0.6
0.2706642118429045,0.2706642118429045,small,2.0,249.3733362309737,249.3733362309737,,RH-ICEP_0.2_30.0_5.0_123.0_None,RH-ICEP,5.0,123.0,30.0,0.2
0.3228518839902424,0.3228518839902424,small,4.0,411.5229024127374,411.5229024127374,,RH-ICEP_0.4_30.0_3.0_123.0_None,RH-ICEP,3.0,123.0,30.0,0.4
0.41462490436737587,0.41462490436737587,small,3.0,403.0088879382882,403.0088879382882,,RH-ICEP_0.4_60.0_5.0_125.0_None,RH-ICEP,5.0,125.0,60.0,0.4
0.3729235701647621,0.3729235701647621,small,3.0,274.9595854138328,274.9595854138328,,RH-ICEP_0.2_15.0_3.0_126.0_None,RH-ICEP,3.0,126.0,15.0,0.2
0.4829640861469172,0.4829640861469172,small,4.0,346.39994640856094,346.39994640856094,,RH-ICEP_0.4_30.0_3.0_124.0_None,RH-ICEP,3.0,124.0,30.0,0.4
0.4001836219316014,0.4001836219316014,small,4.0,338.57376138942846,338.57376138942846,,RH-ICEP_0.6_60.0_3.0_126.0_None,RH-ICEP,3.0,126.0,60.0,0.6
0.3399687041378071,0.3399687041378071,small,2.0,195.48546325493064,195.48546325493064,,RH-ICEP_0.4_15.0_5.0_125.0_None,RH-ICEP,5.0,125.0,15.0,0.4
0.5685891705338241,0.5685891705338241,small,3.0,281.4807253715277,281.4807253715277,,RH-ICEP_0.6_30.0_5.0_127.0_None,RH-ICEP,5.0,127.0,30.0,0.6
0.22688191413357267,0.22688191413357267,small,2.0,257.78681140383776,257.78681140383776,,RH-ICEP_0.2_60.0_3.0_126.0_None,RH-ICEP,3.0,126.0,60.0,0.2
0.34372475870043695,0.34372475870043695,small,2.0,214.31708250584504,214.31708250584504,,RH-ICEP_0.6_15.0_3.0_125.0_None,RH-ICEP,3.0,125.0,15.0,0.6
0.4049310353650656,0.4049310353650656,small,4.0,362.5096706274032,362.5096706274032,,RH-ICEP_0.4_60.0_5.0_126.0_None,RH-ICEP,5.0,126.0,60.0,0.4
0.5889681110850234,0.5889681110850234,small,3.0,259.01845065229145,259.01845065229145,,RH-ICEP_0.4_30.0_3.0_127.0_None,RH-ICEP,3.0,127.0,30.0,0.4
0.3125280063192776,0.3125280063192776,small,4.0,360.4243021625773,360.4243021625773,,RH-ICEP_0.2_15.0_3.0_125.0_None,RH-ICEP,3.0,125.0,15.0,0.2
0.32629565422929135,0.32629565422929135,small,4.0,365.4755966059533,365.4755966059533,,RH-ICEP_0.4_30.0_3.0_125.0_None,RH-ICEP,3.0,125.0,30.0,0.4
0.5925315046762959,0.5925315046762959,small,3.0,259.01845065229145,259.01845065229145,,RH-ICEP_0.2_15.0_3.0_127.0_None,RH-ICEP,3.0,127.0,15.0,0.2
0.40400164438928066,0.40400164438928066,small,3.0,337.5320898845762,337.5320898845762,,RH-ICEP_0.4_60.0_5.0_123.0_None,RH-ICEP,5.0,123.0,60.0,0.4
0.535222871013791,0.535222871013791,small,3.0,330.6313475997255,330.6313475997255,,RH-ICEP_0.4_60.0_5.0_124.0_None,RH-ICEP,5.0,124.0,60.0,0.4
0.3128158974515084,0.3128158974515084,small,4.0,361.28358524022326,361.28358524022326,,RH-ICEP_0.6_30.0_5.0_125.0_None,RH-ICEP,5.0,125.0,30.0,0.6
0.3751883960797558,0.3751883960797558,small,3.0,293.1445386079797,293.1445386079797,,RH-ICEP_0.6_60.0_3.0_123.0_None,RH-ICEP,3.0,123.0,60.0,0.6
0.34840069482322444,0.34840069482322444,small,2.0,247.12319688779723,247.12319688779723,,RH-ICEP_0.2_30.0_5.0_125.0_None,RH-ICEP,5.0,125.0,30.0,0.2
0.5320605467663642,0.5320605467663642,small,3.0,281.4807253715277,281.4807253715277,,RH-ICEP_0.6_60.0_3.0_124.0_None,RH-ICEP,3.0,124.0,60.0,0.6
0.4766653754125329,0.4766653754125329,small,4.0,346.3999464085609,346.3999464085609,,RH-ICEP_0.2_15.0_3.0_124.0_None,RH-ICEP,3.0,124.0,15.0,0.2
0.35824286983765613,0.35824286983765613,small,3.0,295.0640841091084,295.0640841091084,,RH-ICEP_0.4_30.0_3.0_126.0_None,RH-ICEP,3.0,126.0,30.0,0.4
0.22993213064142565,0.22993213064142565,small,2.0,238.58442356936385,238.58442356936385,,RH-ICEP_0.6_15.0_3.0_123.0_None,RH-ICEP,3.0,123.0,15.0,0.6
0.3105656021247108,0.3105656021247108,small,4.0,401.5625836707842,401.5625836707842,,RH-ICEP_0.2_15.0_3.0_123.0_None,RH-ICEP,3.0,123.0,15.0,0.2
0.32013955472285904,0.32013955472285904,small,2.0,192.50724631622737,192.50724631622737,,RH-ICEP_0.6_15.0_3.0_124.0_None,RH-ICEP,3.0,124.0,15.0,0.6
0.24917912299967754,0.24917912299967754,small,4.0,397.3650922503415,397.3650922503415,,RH-ICEP_0.4_60.0_5.0_127.0_None,RH-ICEP,5.0,127.0,60.0,0.4
0.4790163578993698,0.4790163578993698,small,2.0,237.6646266787044,237.6646266787044,,RH-ICEP_0.2_60.0_3.0_127.0_None,RH-ICEP,3.0,127.0,60.0,0.2
0.3766084548017651,0.3766084548017651,small,3.0,308.2227324305711,308.2227324305711,,RH-ICEP_0.6_30.0_5.0_126.0_None,RH-ICEP,5.0,126.0,30.0,0.6
0.2369795061635826,0.2369795061635826,small,2.0,235.05379036686705,235.05379036686705,,RH-ICEP_0.4_15.0_5.0_123.0_None,RH-ICEP,5.0,123.0,15.0,0.4
0.24110569734232748,0.24110569734232748,small,4.0,435.506569622041,435.506569622041,,RH-ICEP_0.6_60.0_3.0_127.0_None,RH-ICEP,3.0,127.0,60.0,0.6
0.34352314768730025,0.34352314768730025,small,2.0,214.31708250584504,214.31708250584504,,RH-ICEP_0.4_15.0_5.0_124.0_None,RH-ICEP,5.0,124.0,15.0,0.4
0.3649312298699402,0.3649312298699402,small,3.0,332.80298042917514,332.80298042917514,,RH-ICEP_0.4_15.0_10.0_126.0_None,RH-ICEP,10.0,126.0,15.0,0.4
0.3786376226648015,0.3786376226648015,small,2.0,280.873485403035,280.873485403035,,RH-ICEP_0.6_30.0_10.0_124.0_None,RH-ICEP,10.0,124.0,30.0,0.6
0.31455831060962147,0.31455831060962147,small,2.0,542.9812471660711,542.9812471660711,,RH-ICEP_0.6_60.0_10.0_125.0_None,RH-ICEP,10.0,125.0,60.0,0.6
0.4340689571486756,0.4340689571486756,small,3.0,371.5459011660623,371.5459011660623,,RH-ICEP_0.2_60.0_10.0_123.0_None,RH-ICEP,10.0,123.0,60.0,0.2
0.49093254247853435,0.49093254247853435,small,2.0,225.3841157029891,225.3841157029891,,RH-ICEP_0.4_30.0_5.0_127.0_None,RH-ICEP,5.0,127.0,30.0,0.4
0.4778074035726383,0.4778074035726383,small,3.0,541.0841267967244,541.0841267967244,,RH-ICEP_0.2_60.0_10.0_124.0_None,RH-ICEP,10.0,124.0,60.0,0.2
0.313486618261034,0.313486618261034,small,3.0,295.0640841091084,295.0640841091084,,RH-ICEP_0.6_15.0_5.0_125.0_None,RH-ICEP,5.0,125.0,15.0,0.6
0.3553000596932065,0.3553000596932065,small,3.0,417.7484297484758,417.7484297484758,,RH-ICEP_0.2_30.0_10.0_125.0_None,RH-ICEP,10.0,125.0,30.0,0.2
0.2746608338155148,0.2746608338155148,small,2.0,392.34633851303306,392.34633851303306,,RH-ICEP_0.6_30.0_10.0_123.0_None,RH-ICEP,10.0,123.0,30.0,0.6
0.43136532874214273,0.43136532874214273,small,3.0,359.2971146689779,359.2971146689779,,RH-ICEP_0.2_60.0_5.0_126.0_None,RH-ICEP,5.0,126.0,60.0,0.2
0.3056555537059354,0.3056555537059354,small,4.0,372.61866076688176,372.61866076688176,,RH-ICEP_0.2_15.0_10.0_125.0_None,RH-ICEP,10.0,125.0,15.0,0.2
0.4288862181087419,0.4288862181087419,small,2.0,228.1897719616844,228.1897719616844,,RH-ICEP_0.6_30.0_3.0_127.0_None,RH-ICEP,3.0,127.0,30.0,0.6
0.3013728746094334,0.3013728746094334,small,3.0,295.0640841091084,295.0640841091084,,RH-ICEP_0.4_15.0_3.0_125.0_None,RH-ICEP,3.0,125.0,15.0,0.4
0.26260042165876946,0.26260042165876946,small,4.0,401.5625836707842,401.5625836707842,,RH-ICEP_0.2_30.0_3.0_127.0_None,RH-ICEP,3.0,127.0,30.0,0.2
0.4369771790016025,0.4369771790016025,small,4.0,371.6939617804414,371.6939617804414,,RH-ICEP_0.4_30.0_10.0_126.0_None,RH-ICEP,10.0,126.0,30.0,0.4
0.3151869366490222,0.3151869366490222,small,4.0,586.7740740228147,586.7740740228147,,RH-ICEP_0.4_60.0_10.0_127.0_None,RH-ICEP,10.0,127.0,60.0,0.4
0.4613588791724624,0.4613588791724624,small,2.0,305.95957698089336,305.95957698089336,,RH-ICEP_0.2_60.0_10.0_127.0_None,RH-ICEP,10.0,127.0,60.0,0.2
0.2609989502096016,0.2609989502096016,small,2.0,315.2572005273007,315.2572005273007,,RH-ICEP_0.2_30.0_10.0_126.0_None,RH-ICEP,10.0,126.0,30.0,0.2
0.27395028655349374,0.27395028655349374,small,2.0,225.4374269929989,225.4374269929989,,RH-ICEP_0.2_15.0_5.0_126.0_None,RH-ICEP,5.0,126.0,15.0,0.2
0.3116936517691464,0.3116936517691464,small,2.0,259.7637890649439,259.7637890649439,,RH-ICEP_0.4_15.0_10.0_125.0_None,RH-ICEP,10.0,125.0,15.0,0.4
0.6399638158709404,0.6399638158709404,small,3.0,349.5703967380641,349.5703967380641,,RH-ICEP_0.6_30.0_10.0_127.0_None,RH-ICEP,10.0,127.0,30.0,0.6
0.40561550325428025,0.40561550325428025,small,4.0,299.8911052269598,299.8911052269598,,RH-ICEP_0.6_15.0_5.0_126.0_None,RH-ICEP,5.0,126.0,15.0,0.6
0.3622770959249134,0.3622770959249134,small,2.0,217.48482705905437,217.48482705905437,,RH-ICEP_0.4_60.0_3.0_125.0_None,RH-ICEP,3.0,125.0,60.0,0.4
0.33454152277347493,0.33454152277347493,small,3.0,542.0601061815169,542.0601061815169,,RH-ICEP_0.6_60.0_10.0_126.0_None,RH-ICEP,10.0,126.0,60.0,0.6
0.38910123573682504,0.38910123573682504,small,3.0,257.7868114038378,257.7868114038378,,RH-ICEP_0.2_30.0_3.0_123.0_None,RH-ICEP,3.0,123.0,30.0,0.2
0.2530422455556139,0.2530422455556139,small,4.0,373.38142504103786,373.38142504103786,,RH-ICEP_0.6_15.0_10.0_127.0_None,RH-ICEP,10.0,127.0,15.0,0.6
0.3243969168464582,0.3243969168464582,small,4.0,402.89433339316656,402.89433339316656,,RH-ICEP_0.2_60.0_5.0_125.0_None,RH-ICEP,5.0,125.0,60.0,0.2
0.5253587217615594,0.5253587217615594,small,3.0,262.7652268095284,262.7652268095284,,RH-ICEP_0.2_30.0_3.0_124.0_None,RH-ICEP,3.0,124.0,30.0,0.2
0.36473496068699296,0.36473496068699296,small,2.0,322.67937617190574,322.67937617190574,,RH-ICEP_0.6_60.0_5.0_125.0_None,RH-ICEP,5.0,125.0,60.0,0.6
0.4189308399164281,0.4189308399164281,small,4.0,304.6019092078046,304.6019092078046,,RH-ICEP_0.4_15.0_3.0_126.0_None,RH-ICEP,3.0,126.0,15.0,0.4
0.40101307056076924,0.40101307056076924,small,4.0,308.12179716564435,308.12179716564435,,RH-ICEP_0.2_30.0_3.0_126.0_None,RH-ICEP,3.0,126.0,30.0,0.2
0.5354275890342077,0.5354275890342077,small,3.0,253.6377498384929,253.6377498384929,,RH-ICEP_0.4_15.0_3.0_124.0_None,RH-ICEP,3.0,124.0,15.0,0.4
0.3267644577918654,0.3267644577918654,small,4.0,424.6593581775681,424.6593581775681,,RH-ICEP_0.2_15.0_10.0_123.0_None,RH-ICEP,10.0,123.0,15.0,0.2
0.2628000844106813,0.2628000844106813,small,4.0,432.4230652792952,432.4230652792952,,RH-ICEP_0.4_30.0_10.0_127.0_None,RH-ICEP,10.0,127.0,30.0,0.4
0.4252080062631737,0.4252080062631737,small,4.0,600.7496944871929,600.7496944871929,,RH-ICEP_0.4_60.0_10.0_126.0_None,RH-ICEP,10.0,126.0,60.0,0.4
0.37947594203005747,0.37947594203005747,small,3.0,252.00023290057752,252.00023290057752,,RH-ICEP_0.4_15.0_3.0_123.0_None,RH-ICEP,3.0,123.0,15.0,0.4
0.29295137177213487,0.29295137177213487,small,2.0,229.98422350213428,229.98422350213428,,RH-ICEP_0.6_30.0_3.0_126.0_None,RH-ICEP,3.0,126.0,30.0,0.6
0.5856823989678852,0.5856823989678852,small,3.0,298.69570896260205,298.69570896260205,,RH-ICEP_0.2_60.0_5.0_127.0_None,RH-ICEP,5.0,127.0,60.0,0.2
0.48843132499556513,0.48843132499556513,small,4.0,348.7604889261253,348.7604889261253,,RH-ICEP_0.2_15.0_10.0_124.0_None,RH-ICEP,10.0,124.0,15.0,0.2
0.22106009660505171,0.22106009660505171,small,2.0,540.9839265311448,540.9839265311448,,RH-ICEP_0.6_60.0_10.0_123.0_None,RH-ICEP,10.0,123.0,60.0,0.6
0.556359454774698,0.556359454774698,small,3.0,259.01845065229145,259.01845065229145,,RH-ICEP_0.6_15.0_5.0_124.0_None,RH-ICEP,5.0,124.0,15.0,0.6
0.34641785782905726,0.34641785782905726,small,3.0,540.2385881184923,540.2385881184923,,RH-ICEP_0.2_60.0_10.0_125.0_None,RH-ICEP,10.0,125.0,60.0,0.2
0.5241133003753777,0.5241133003753777,small,3.0,384.28488155604657,384.28488155604657,,RH-ICEP_0.2_30.0_10.0_124.0_None,RH-ICEP,10.0,124.0,30.0,0.2
0.3669250535677726,0.3669250535677726,small,3.0,303.6152352524101,303.6152352524101,,RH-ICEP_0.2_30.0_10.0_123.0_None,RH-ICEP,10.0,123.0,30.0,0.2
0.36731839826508583,0.36731839826508583,small,3.0,250.29701883320905,250.29701883320905,,RH-ICEP_0.6_15.0_5.0_123.0_None,RH-ICEP,5.0,123.0,15.0,0.6
0.34226839718218377,0.34226839718218377,small,2.0,347.5622339567586,347.5622339567586,,RH-ICEP_0.6_30.0_10.0_125.0_None,RH-ICEP,10.0,125.0,30.0,0.6
0.5891899651603101,0.5891899651603101,small,3.0,285.75583923599913,285.75583923599913,,RH-ICEP_0.4_15.0_10.0_127.0_None,RH-ICEP,10.0,127.0,15.0,0.4
0.3569510744016059,0.3569510744016059,small,2.0,420.7311760204626,420.7311760204626,,RH-ICEP_0.6_60.0_10.0_124.0_None,RH-ICEP,10.0,124.0,60.0,0.6
0.23880295393099193,0.23880295393099193,small,2.0,259.0374575761708,259.0374575761708,,RH-ICEP_0.4_30.0_5.0_126.0_None,RH-ICEP,5.0,126.0,30.0,0.4
0.35986383683135925,0.35986383683135925,small,2.0,283.2421835529145,283.2421835529145,,RH-ICEP_0.6_60.0_5.0_124.0_None,RH-ICEP,5.0,124.0,60.0,0.6
0.26294129161514956,0.26294129161514956,small,4.0,372.6186607668818,372.6186607668818,,RH-ICEP_0.4_15.0_3.0_127.0_None,RH-ICEP,3.0,127.0,15.0,0.4
0.34291903261789514,0.34291903261789514,small,3.0,294.9641128437245,294.9641128437245,,RH-ICEP_0.2_30.0_3.0_125.0_None,RH-ICEP,3.0,125.0,30.0,0.2
0.3227747435883975,0.3227747435883975,small,4.0,419.1083635726586,419.1083635726586,,RH-ICEP_0.2_60.0_5.0_123.0_None,RH-ICEP,5.0,123.0,60.0,0.2
0.20717541368811573,0.20717541368811573,small,2.0,404.5406971173376,404.5406971173376,,RH-ICEP_0.6_60.0_5.0_123.0_None,RH-ICEP,5.0,123.0,60.0,0.6
0.47409700873405763,0.47409700873405763,small,4.0,407.1587470006857,407.1587470006857,,RH-ICEP_0.2_60.0_5.0_124.0_None,RH-ICEP,5.0,124.0,60.0,0.2
0.39175206648823324,0.39175206648823324,small,4.0,312.4742208958276,312.4742208958276,,RH-ICEP_0.6_15.0_10.0_126.0_None,RH-ICEP,10.0,126.0,15.0,0.6
0.41592972618016777,0.41592972618016777,small,3.0,362.74929907087966,362.74929907087966,,RH-ICEP_0.6_30.0_10.0_126.0_None,RH-ICEP,10.0,126.0,30.0,0.6
0.2524017351440091,0.2524017351440091,small,4.0,388.57161909182895,388.57161909182895,,RH-ICEP_0.6_15.0_5.0_127.0_None,RH-ICEP,5.0,127.0,15.0,0.6
0.28784686388140185,0.28784686388140185,small,2.0,241.3329465604952,241.3329465604952,,RH-ICEP_0.4_15.0_10.0_124.0_None,RH-ICEP,10.0,124.0,15.0,0.4
0.6310202216247006,0.6310202216247006,small,3.0,449.3161058043847,449.3161058043847,,RH-ICEP_0.6_60.0_10.0_127.0_None,RH-ICEP,10.0,127.0,60.0,0.6
0.33893937941318475,0.33893937941318475,small,2.0,227.659226593832,227.659226593832,,RH-ICEP_0.4_60.0_3.0_124.0_None,RH-ICEP,3.0,124.0,60.0,0.4
0.297720418927939,0.297720418927939,small,2.0,483.0809084718858,483.0809084718858,,RH-ICEP_0.2_60.0_10.0_126.0_None,RH-ICEP,10.0,126.0,60.0,0.2
0.5028922379066846,0.5028922379066846,small,2.0,273.071501933044,273.071501933044,,RH-ICEP_0.2_30.0_10.0_127.0_None,RH-ICEP,10.0,127.0,30.0,0.2
0.2592541613021543,0.2592541613021543,small,2.0,259.0374575761707,259.0374575761707,,RH-ICEP_0.4_60.0_3.0_123.0_None,RH-ICEP,3.0,123.0,60.0,0.4
0.24833263915912931,0.24833263915912931,small,2.0,259.0374575761708,259.0374575761708,,RH-ICEP_0.4_15.0_10.0_123.0_None,RH-ICEP,10.0,123.0,15.0,0.4
0.45066856806073774,0.45066856806073774,small,2.0,179.09496160123365,179.09496160123365,,RH-ICEP_0.2_15.0_5.0_127.0_None,RH-ICEP,5.0,127.0,15.0,0.2
0.31095220106287635,0.31095220106287635,small,3.0,299.8911052269598,299.8911052269598,,RH-ICEP_0.6_15.0_3.0_125.0_None,RH-ICEP,3.0,125.0,15.0,0.6
0.40425723941091274,0.40425723941091274,small,2.0,217.48753283534825,217.48753283534825,,RH-ICEP_0.4_30.0_3.0_127.0_None,RH-ICEP,3.0,127.0,30.0,0.4
0.3075802894509637,0.3075802894509637,small,3.0,303.6152352524101,303.6152352524101,,RH-ICEP_0.4_15.0_5.0_125.0_None,RH-ICEP,5.0,125.0,15.0,0.4
0.25191442516852935,0.25191442516852935,small,4.0,386.19648837044326,386.19648837044326,,RH-ICEP_0.2_30.0_5.0_127.0_None,RH-ICEP,5.0,127.0,30.0,0.2
0.39093090938566644,0.39093090938566644,small,3.0,315.7772512444162,315.7772512444162,,RH-ICEP_0.2_60.0_3.0_126.0_None,RH-ICEP,3.0,126.0,60.0,0.2
0.4691507906548244,0.4691507906548244,small,2.0,197.15808929874828,197.15808929874828,,RH-ICEP_0.6_30.0_5.0_127.0_None,RH-ICEP,5.0,127.0,30.0,0.6
0.4092683125788149,0.4092683125788149,small,2.0,303.01668404305303,303.01668404305303,,RH-ICEP_0.4_60.0_5.0_125.0_None,RH-ICEP,5.0,125.0,60.0,0.4
0.4184625235535397,0.4184625235535397,small,4.0,298.57498933576534,298.57498933576534,,RH-ICEP_0.6_15.0_3.0_126.0_None,RH-ICEP,3.0,126.0,15.0,0.6
0.2502560578364895,0.2502560578364895,small,2.0,217.15342376430456,217.15342376430456,,RH-ICEP_0.2_15.0_3.0_126.0_None,RH-ICEP,3.0,126.0,15.0,0.2
0.5572425603992727,0.5572425603992727,small,3.0,298.695708962602,298.695708962602,,RH-ICEP_0.2_30.0_5.0_124.0_None,RH-ICEP,5.0,124.0,30.0,0.2
0.39178155923235664,0.39178155923235664,small,4.0,299.8911052269598,299.8911052269598,,RH-ICEP_0.4_15.0_5.0_126.0_None,RH-ICEP,5.0,126.0,15.0,0.4
0.3883189708618534,0.3883189708618534,small,2.0,280.67618611407147,280.67618611407147,,RH-ICEP_0.6_60.0_3.0_125.0_None,RH-ICEP,3.0,125.0,60.0,0.6
0.39075189853120196,0.39075189853120196,small,3.0,271.1281748711337,271.1281748711337,,RH-ICEP_0.2_30.0_5.0_123.0_None,RH-ICEP,5.0,123.0,30.0,0.2
0.3160505856142592,0.3160505856142592,small,4.0,371.0058242212472,371.0058242212472,,RH-ICEP_0.2_60.0_3.0_125.0_None,RH-ICEP,3.0,125.0,60.0,0.2
0.38747578815633577,0.38747578815633577,small,3.0,259.01845065229145,259.01845065229145,,RH-ICEP_0.4_15.0_5.0_123.0_None,RH-ICEP,5.0,123.0,15.0,0.4
0.2433072653199523,0.2433072653199523,small,2.0,287.3593312734177,287.3593312734177,,RH-ICEP_0.6_30.0_5.0_126.0_None,RH-ICEP,5.0,126.0,30.0,0.6
0.5764107793419065,0.5764107793419065,small,3.0,281.4807253715277,281.4807253715277,,RH-ICEP_0.2_60.0_3.0_127.0_None,RH-ICEP,3.0,127.0,60.0,0.2
0.4040197363958223,0.4040197363958223,small,4.0,313.6544887104289,313.6544887104289,,RH-ICEP_0.2_30.0_5.0_126.0_None,RH-ICEP,5.0,126.0,30.0,0.2
0.5311170658228848,0.5311170658228848,small,3.0,253.6377498384929,253.6377498384929,,RH-ICEP_0.4_15.0_5.0_124.0_None,RH-ICEP,5.0,124.0,15.0,0.4
0.3992228402823462,0.3992228402823462,small,3.0,240.75021100333004,240.75021100333004,,RH-ICEP_0.6_15.0_3.0_123.0_None,RH-ICEP,3.0,123.0,15.0,0.6
0.27990186279807866,0.27990186279807866,small,2.0,225.86477505338203,225.86477505338203,,RH-ICEP_0.4_30.0_3.0_126.0_None,RH-ICEP,3.0,126.0,30.0,0.4
0.5417391919024543,0.5417391919024543,small,3.0,259.01845065229145,259.01845065229145,,RH-ICEP_0.6_15.0_3.0_124.0_None,RH-ICEP,3.0,124.0,15.0,0.6
0.2707129659387749,0.2707129659387749,small,2.0,323.5408074087826,323.5408074087826,,RH-ICEP_0.6_60.0_3.0_123.0_None,RH-ICEP,3.0,123.0,60.0,0.6
0.4621015654206829,0.4621015654206829,small,4.0,360.4243021625773,360.4243021625773,,RH-ICEP_0.2_60.0_3.0_124.0_None,RH-ICEP,3.0,124.0,60.0,0.2
0.27013475246674135,0.27013475246674135,small,4.0,395.8483182356098,395.8483182356098,,RH-ICEP_0.4_15.0_5.0_127.0_None,RH-ICEP,5.0,127.0,15.0,0.4
0.3454041537671403,0.3454041537671403,small,2.0,222.11392064026413,222.11392064026413,,RH-ICEP_0.6_60.0_3.0_124.0_None,RH-ICEP,3.0,124.0,60.0,0.6
0.3329434817372383,0.3329434817372383,small,3.0,315.7772512444162,315.7772512444162,,RH-ICEP_0.2_30.0_5.0_125.0_None,RH-ICEP,5.0,125.0,30.0,0.2
0.3280356981935131,0.3280356981935131,small,4.0,419.10836357265856,419.10836357265856,,RH-ICEP_0.2_60.0_3.0_123.0_None,RH-ICEP,3.0,123.0,60.0,0.2
0.22698032294603437,0.22698032294603437,small,2.0,334.9411140903994,334.9411140903994,,RH-ICEP_0.4_60.0_5.0_123.0_None,RH-ICEP,5.0,123.0,60.0,0.4
0.4536033966302983,0.4536033966302983,small,2.0,171.63695489602193,171.63695489602193,,RH-ICEP_0.2_15.0_3.0_127.0_None,RH-ICEP,3.0,127.0,15.0,0.2
0.3427328867072613,0.3427328867072613,small,2.0,239.7384016046512,239.7384016046512,,RH-ICEP_0.4_60.0_5.0_124.0_None,RH-ICEP,5.0,124.0,60.0,0.4
0.2525742169958748,0.2525742169958748,small,4.0,401.56258367078425,401.56258367078425,,RH-ICEP_0.6_15.0_3.0_127.0_None,RH-ICEP,3.0,127.0,15.0,0.6
0.376173665589838,0.376173665589838,small,3.0,274.9595854138328,274.9595854138328,,RH-ICEP_0.2_15.0_10.0_123.0_None,RH-ICEP,10.0,123.0,15.0,0.2
0.5872913038761828,0.5872913038761828,small,3.0,349.57039673806406,349.57039673806406,,RH-ICEP_0.4_30.0_10.0_127.0_None,RH-ICEP,10.0,127.0,30.0,0.4
0.2863829009357756,0.2863829009357756,small,2.0,250.41500773582595,250.41500773582595,,RH-ICEP_0.6_15.0_10.0_125.0_None,RH-ICEP,10.0,125.0,15.0,0.6
0.4661956673817966,0.4661956673817966,small,4.0,348.7604889261253,348.7604889261253,,RH-ICEP_0.6_30.0_3.0_124.0_None,RH-ICEP,3.0,124.0,30.0,0.6
0.4330591144807287,0.4330591144807287,small,3.0,428.9237717850874,428.9237717850874,,RH-ICEP_0.4_60.0_10.0_126.0_None,RH-ICEP,10.0,126.0,60.0,0.4
0.22442442619567382,0.22442442619567382,small,2.0,258.9111613296699,258.9111613296699,,RH-ICEP_0.2_30.0_3.0_123.0_None,RH-ICEP,3.0,123.0,30.0,0.2
0.3215019314878243,0.3215019314878243,small,4.0,389.7641900512714,389.7641900512714,,RH-ICEP_0.6_30.0_3.0_123.0_None,RH-ICEP,3.0,123.0,30.0,0.6
0.5281906317343743,0.5281906317343743,small,3.0,300.44478492290705,300.44478492290705,,RH-ICEP_0.2_15.0_10.0_124.0_None,RH-ICEP,10.0,124.0,15.0,0.2
0.4339861253359789,0.4339861253359789,small,3.0,441.4411488734838,441.4411488734838,,RH-ICEP_0.6_60.0_5.0_125.0_None,RH-ICEP,5.0,125.0,60.0,0.6
0.34217506829715527,0.34217506829715527,small,2.0,207.33852703868573,207.33852703868573,,RH-ICEP_0.2_30.0_3.0_124.0_None,RH-ICEP,3.0,124.0,30.0,0.2
0.3943731955470352,0.3943731955470352,small,3.0,274.97820209673984,274.97820209673984,,RH-ICEP_0.2_15.0_5.0_126.0_None,RH-ICEP,5.0,126.0,15.0,0.2
0.48791956213123056,0.48791956213123056,small,4.0,348.7604889261253,348.7604889261253,,RH-ICEP_0.4_30.0_5.0_124.0_None,RH-ICEP,5.0,124.0,30.0,0.4
0.3318420685887401,0.3318420685887401,small,4.0,547.9191769615154,547.9191769615154,,RH-ICEP_0.2_60.0_10.0_125.0_None,RH-ICEP,10.0,125.0,60.0,0.2
0.4706289325298238,0.4706289325298238,small,4.0,373.6850126640148,373.6850126640148,,RH-ICEP_0.2_30.0_10.0_124.0_None,RH-ICEP,10.0,124.0,30.0,0.2
0.3206971157266225,0.3206971157266225,small,4.0,390.9967310086796,390.9967310086796,,RH-ICEP_0.4_30.0_5.0_123.0_None,RH-ICEP,5.0,123.0,30.0,0.4
0.31982533909548594,0.31982533909548594,small,4.0,469.29824840660905,469.29824840660905,,RH-ICEP_0.2_30.0_10.0_123.0_None,RH-ICEP,10.0,123.0,30.0,0.2
0.3078210436793846,0.3078210436793846,small,3.0,303.458806907788,303.458806907788,,RH-ICEP_0.4_60.0_3.0_125.0_None,RH-ICEP,3.0,125.0,60.0,0.4
0.2600765112565188,0.2600765112565188,small,4.0,392.7708490056488,392.7708490056488,,RH-ICEP_0.4_15.0_10.0_127.0_None,RH-ICEP,10.0,127.0,15.0,0.4
0.5532484941535134,0.5532484941535134,small,3.0,296.1159417582023,296.1159417582023,,RH-ICEP_0.6_30.0_3.0_127.0_None,RH-ICEP,3.0,127.0,30.0,0.6
0.5062334837613488,0.5062334837613488,small,2.0,237.6884098499309,237.6884098499309,,RH-ICEP_0.2_15.0_10.0_127.0_None,RH-ICEP,10.0,127.0,15.0,0.2
0.2909742368392368,0.2909742368392368,small,2.0,302.4412108984732,302.4412108984732,,RH-ICEP_0.2_60.0_5.0_126.0_None,RH-ICEP,5.0,126.0,60.0,0.2
0.2328187717117308,0.2328187717117308,small,2.0,333.38571598634024,333.38571598634024,,RH-ICEP_0.4_30.0_10.0_123.0_None,RH-ICEP,10.0,123.0,30.0,0.4
0.35553708796800915,0.35553708796800915,small,2.0,301.6985782621145,301.6985782621145,,RH-ICEP_0.4_30.0_10.0_124.0_None,RH-ICEP,10.0,124.0,30.0,0.4
0.39042199680473866,0.39042199680473866,small,3.0,315.7772512444162,315.7772512444162,,RH-ICEP_0.6_15.0_10.0_126.0_None,RH-ICEP,10.0,126.0,15.0,0.6
0.34973684067822763,0.34973684067822763,small,2.0,361.04724534897,361.04724534897,,RH-ICEP_0.4_60.0_10.0_125.0_None,RH-ICEP,10.0,125.0,60.0,0.4
0.34700904400105714,0.34700904400105714,small,2.0,214.27227110062896,214.27227110062896,,RH-ICEP_0.4_15.0_3.0_125.0_None,RH-ICEP,3.0,125.0,15.0,0.4
0.38644139550517387,0.38644139550517387,small,4.0,382.6792841028116,382.6792841028116,,RH-ICEP_0.6_60.0_5.0_126.0_None,RH-ICEP,5.0,126.0,60.0,0.6
0.5603725743319165,0.5603725743319165,small,3.0,329.0461224349739,329.0461224349739,,RH-ICEP_0.4_30.0_5.0_127.0_None,RH-ICEP,5.0,127.0,30.0,0.4
0.3325166651100424,0.3325166651100424,small,4.0,363.5589396156577,363.5589396156577,,RH-ICEP_0.2_15.0_5.0_125.0_None,RH-ICEP,5.0,125.0,15.0,0.2
0.3581616399556234,0.3581616399556234,small,4.0,357.98844800027683,357.98844800027683,,RH-ICEP_0.6_30.0_10.0_126.0_None,RH-ICEP,10.0,126.0,30.0,0.6
0.25467034459546767,0.25467034459546767,small,4.0,593.0242655508285,593.0242655508285,,RH-ICEP_0.6_60.0_10.0_127.0_None,RH-ICEP,10.0,127.0,60.0,0.6
0.430460164517663,0.430460164517663,small,4.0,326.35674784796464,326.35674784796464,,RH-ICEP_0.4_60.0_3.0_126.0_None,RH-ICEP,3.0,126.0,60.0,0.4
0.38339442647622035,0.38339442647622035,small,2.0,220.27839676528865,220.27839676528865,,RH-ICEP_0.6_15.0_5.0_125.0_None,RH-ICEP,5.0,125.0,15.0,0.6
0.3879386457532293,0.3879386457532293,small,4.0,308.2227324305711,308.2227324305711,,RH-ICEP_0.4_15.0_10.0_126.0_None,RH-ICEP,10.0,126.0,15.0,0.4
0.5458790087273242,0.5458790087273242,small,3.0,261.77217202669544,261.77217202669544,,RH-ICEP_0.4_60.0_3.0_124.0_None,RH-ICEP,3.0,124.0,60.0,0.4
0.3053116054088234,0.3053116054088234,small,4.0,603.157936082588,603.157936082588,,RH-ICEP_0.2_60.0_10.0_123.0_None,RH-ICEP,10.0,123.0,60.0,0.2
0.31888561498687046,0.31888561498687046,small,4.0,366.7293899451609,366.7293899451609,,RH-ICEP_0.4_30.0_5.0_125.0_None,RH-ICEP,5.0,125.0,30.0,0.4
0.5878941343736703,0.5878941343736703,small,3.0,253.6377498384929,253.6377498384929,,RH-ICEP_0.2_15.0_5.0_127.0_None,RH-ICEP,5.0,127.0,15.0,0.2
0.4604649915925233,0.4604649915925233,small,4.0,500.72891083817234,500.72891083817234,,RH-ICEP_0.2_60.0_10.0_124.0_None,RH-ICEP,10.0,124.0,60.0,0.2
0.3206677161368967,0.3206677161368967,small,4.0,434.52678057748295,434.52678057748295,,RH-ICEP_0.2_30.0_10.0_125.0_None,RH-ICEP,10.0,125.0,30.0,0.2
0.4101208711487658,0.4101208711487658,small,3.0,303.01668404305303,303.01668404305303,,RH-ICEP_0.4_60.0_3.0_123.0_None,RH-ICEP,3.0,123.0,60.0,0.4
0.344620727396947,0.344620727396947,small,3.0,342.2393489684304,342.2393489684304,,RH-ICEP_0.2_15.0_10.0_125.0_None,RH-ICEP,10.0,125.0,15.0,0.2
0.22526107612158972,0.22526107612158972,small,2.0,246.0975878495679,246.0975878495679,,RH-ICEP_0.6_15.0_10.0_123.0_None,RH-ICEP,10.0,123.0,15.0,0.6
0.35359968943635306,0.35359968943635306,small,2.0,207.33852703868573,207.33852703868573,,RH-ICEP_0.2_30.0_3.0_125.0_None,RH-ICEP,3.0,125.0,30.0,0.2
0.5284211758166905,0.5284211758166905,small,3.0,351.3445147350333,351.3445147350333,,RH-ICEP_0.6_60.0_5.0_124.0_None,RH-ICEP,5.0,124.0,60.0,0.6
0.296441662636271,0.296441662636271,small,2.0,210.01802040264812,210.01802040264812,,RH-ICEP_0.6_15.0_10.0_124.0_None,RH-ICEP,10.0,124.0,15.0,0.6
0.3230156956423448,0.3230156956423448,small,4.0,363.5589396156577,363.5589396156577,,RH-ICEP_0.6_30.0_3.0_125.0_None,RH-ICEP,3.0,125.0,30.0,0.6
0.4102001532131152,0.4102001532131152,small,3.0,336.490418379724,336.490418379724,,RH-ICEP_0.4_30.0_10.0_126.0_None,RH-ICEP,10.0,126.0,30.0,0.4
0.5564895351687168,0.5564895351687168,small,3.0,373.945547570075,373.945547570075,,RH-ICEP_0.4_60.0_10.0_127.0_None,RH-ICEP,10.0,127.0,60.0,0.4
0.4130225606324959,0.4130225606324959,small,3.0,334.9521116817409,334.9521116817409,,RH-ICEP_0.6_60.0_5.0_123.0_None,RH-ICEP,5.0,123.0,60.0,0.6
0.3277298964001844,0.3277298964001844,small,4.0,410.3049619769444,410.3049619769444,,RH-ICEP_0.2_15.0_5.0_123.0_None,RH-ICEP,5.0,123.0,15.0,0.2
0.29160768168033363,0.29160768168033363,small,4.0,402.8943333931665,402.8943333931665,,RH-ICEP_0.4_60.0_3.0_127.0_None,RH-ICEP,3.0,127.0,60.0,0.4
0.334154834983994,0.334154834983994,small,2.0,201.05394812993427,201.05394812993427,,RH-ICEP_0.6_15.0_5.0_124.0_None,RH-ICEP,5.0,124.0,15.0,0.6
0.4847187811746629,0.4847187811746629,small,4.0,346.66304338120943,346.66304338120943,,RH-ICEP_0.2_15.0_5.0_124.0_None,RH-ICEP,5.0,124.0,15.0,0.2
0.37039620751205643,0.37039620751205643,small,3.0,282.30351690774523,282.30351690774523,,RH-ICEP_0.4_30.0_5.0_126.0_None,RH-ICEP,5.0,126.0,30.0,0.4
0.28135811467307503,0.28135811467307503,small,4.0,391.71899135655485,391.71899135655485,,RH-ICEP_0.6_30.0_10.0_127.0_None,RH-ICEP,10.0,127.0,30.0,0.6
0.23495071798144224,0.23495071798144224,small,2.0,225.8647750533821,225.8647750533821,,RH-ICEP_0.6_15.0_5.0_123.0_None,RH-ICEP,5.0,123.0,15.0,0.6
0.37367011186803734,0.37367011186803734,small,4.0,550.0127061154615,550.0127061154615,,RH-ICEP_0.6_60.0_10.0_126.0_None,RH-ICEP,10.0,126.0,60.0,0.6
0.515720175104521,0.515720175104521,small,3.0,303.6152352524101,303.6152352524101,,RH-ICEP_0.6_15.0_10.0_127.0_None,RH-ICEP,10.0,127.0,15.0,0.6
0.3319552385563433,0.3319552385563433,small,2.0,287.3593312734177,287.3593312734177,,RH-ICEP_0.4_30.0_10.0_125.0_None,RH-ICEP,10.0,125.0,30.0,0.4
0.32665079792106216,0.32665079792106216,small,2.0,480.4832101779554,480.4832101779554,,RH-ICEP_0.4_60.0_10.0_124.0_None,RH-ICEP,10.0,124.0,60.0,0.4
0.35828211359470075,0.35828211359470075,small,2.0,207.33852703868573,207.33852703868573,,RH-ICEP_0.4_15.0_3.0_124.0_None,RH-ICEP,3.0,124.0,15.0,0.4
0.25269682172999397,0.25269682172999397,small,4.0,476.069573194755,476.069573194755,,RH-ICEP_0.6_60.0_5.0_127.0_None,RH-ICEP,5.0,127.0,60.0,0.6
0.2733310843765897,0.2733310843765897,small,2.0,483.0809084718858,483.0809084718858,,RH-ICEP_0.4_60.0_10.0_123.0_None,RH-ICEP,10.0,123.0,60.0,0.4
0.49241746905121425,0.49241746905121425,small,2.0,244.33662338153,244.33662338153,,RH-ICEP_0.2_60.0_5.0_127.0_None,RH-ICEP,5.0,127.0,60.0,0.2
0.37513167925345714,0.37513167925345714,small,3.0,291.85152815068307,291.85152815068307,,RH-ICEP_0.6_30.0_3.0_126.0_None,RH-ICEP,3.0,126.0,30.0,0.6
0.27222440657656904,0.27222440657656904,small,2.0,258.9111613296698,258.9111613296698,,RH-ICEP_0.2_15.0_10.0_126.0_None,RH-ICEP,10.0,126.0,15.0,0.2
0.23792325415630508,0.23792325415630508,small,2.0,246.16078027254835,246.16078027254835,,RH-ICEP_0.4_15.0_3.0_123.0_None,RH-ICEP,3.0,123.0,15.0,0.4
